Workbook
Name Average: OFFSET(Calculations!$AQ$11,,,Main!$C$29,1)
Name Batteries: OFFSET(TestSorting!$T$2,0,0,TestSorting!$S$1-1,1)
Name Errors: OFFSET(Calculations!$AL$11,0,0,Main!$C$29,1)
Name Expect2: OFFSET(Calculations!$AI$11,,,Main!$C$29,1)
Name Expected: OFFSET(Calculations!$AH$11,,,Main!$C$29,1)
Name Extremely_High: OFFSET(Calculations!$AU$11,,,Main!$C$29,1)
Name Extremely_Low: OFFSET(Calculations!$AM$11,,,Main!$C$29,1)
Name Flynn: Main!$A$26
Name High: OFFSET(Calculations!$AS$11,,,Main!$C$29,1)
Name High_Average: OFFSET(Calculations!$AR$11,,,Main!$C$29,1)
Name Low: OFFSET(Calculations!$AO$11,,,Main!$C$29,1)
Name Low_Average: OFFSET(Calculations!$AP$11,,,Main!$C$29,1)
Name Observed: OFFSET(Calculations!$AG$11,,,Main!$C$29,1)
Name SEE: OFFSET(Calculations!$AJ$11,0,0,Main!$C$29,1)
Name Subtests: OFFSET(Calculations!$AK$11,,,Main!$C$29,1)
Name TestList: OFFSET(Tests!$J$3,0,0,Tests!#REF!,1)
Name Very_High: OFFSET(Calculations!$AT$11,,,Main!$C$29,1)
Name Very_Low: OFFSET(Calculations!$AN$11,,,Main!$C$29,1)

Sheet Main
C1: Default Flynn Effect Size (per decade) | F1: 2.94 | R1: Default Reliability | S1: 0.96 | Z1: Default Correlations in Red, using equations from Breit, M., Scherrer, V., Tucker-Drob, E. M., & Preckel, F. (2024). The stability of cognitive abilities: A meta-analytic review of longitudinal studies. Psychological Bulletin. https://doi.org/10.1037/bul0000425
B2: Battery | C2: Edition | D2: Scores | E2: Weight | F2: Flynn Effect | G2: Age at Testing | H2: Year Tested | I2: Year Normed | J2: Years Elapsed | K2: Corrected Score | L2: Uncorrected Score | M2: Expected Score | N2: Deviation from Expected | O2: p(Deviation) | P2: Size of Deviation | Q2: Mean | R2: SD | S2: Reliability | T2: Family | Y2: Correlations | Z2: 1 | AA2: 2 | AB2: 3 | AC2: 4 | AD2: 5 | AE2: 6 | AF2: 7 | AG2: 8 | AH2: 9 | AI2: 10 | AJ2: 11 | AK2: 12 | AL2: 13 | AM2: 14 | AN2: 15 | AO2: 16 | AP2: 17 | AQ2: 18 | AR2: 19 | AS2: 20
B3: Wechsler Intelligence Scale for Children | C3: WISC-R (1974) | D3: 77 | E3: 1 | G3: 10 | H3: 1982 | I3: =IF($C3="","",MIN(INDEX(Tests!E$3:E$499,MATCH($C3,Tests!$J$3:$J$499,0)),INDEX(Tests!F$3:F$499,MATCH($C3,Tests!$J$3:$J$499,0)))) -> 1972 | J3: =IF(OR(ISBLANK(H3),ISBLANK(I3)),"",H3-I3) -> 10 | K3: =IF(OR(J3="",J3<0),"",-0.1*IF(ISBLANK(F3),F$1,F3)*J3+L3) -> 74.06 | L3: =IF(OR(B3="",C3="",D3=""),"",15*(D3-Q3)/R3+100) -> 77 | M3: =IF(ISNA(Calculations!N11),"",Calculations!N11) -> 70.641913 | N3: =IF(Calculations!Z11="","",Calculations!Z11-M3) -> 3.4180871 | O3: =IF(OR(Calculations!Z11="",ISNA(Calculations!Y11)),"",Calculations!Y11) -> 0.36 | P3: {=IF(O3="","",INDEX(Calculations!$E$33:$E$41,1+SUM(--(Calculations!K11>Calculations!$C$34:$C$41)),1))} -> Average-sized deviation | Q3: =IF($C3="","",INDEX(Tests!G$3:G$499,MATCH($C3,Tests!$J$3:$J$499,0))) -> 100 | R3: =IF($C3="","",INDEX(Tests!H$3:H$499,MATCH($C3,Tests!$J$3:$J$499,0))) -> 15 | S3: =Calculations!AB11 -> 0.96 | T3: =IF($C3="","",INDEX(Tests!C$3:C$499,MATCH($C3,Tests!$J$3:$J$499,0))) -> Wechsler | Y3: {=IF(C3:C22="",TRANSPOSE(Z2:AS2),TRANSPOSE(Z2:AS2)&". "&C3:C22)} -> 1. WISC-R (1974) | Z3: 1 | AA3: =IF(Blanks!C2,INDEX(Calculations!$C$88:$V$107,COLUMN(B1),ROW(B1)),INDEX($Z$3:$AS$22,COLUMN(B1),ROW(B1))) -> 0.84139727 | AB3: =IF(Blanks!D2,INDEX(Calculations!$C$88:$V$107,COLUMN(C1),ROW(C1)),INDEX($Z$3:$AS$22,COLUMN(C1),ROW(C1))) -> 0.68839623 | AC3: =IF(Blanks!E2,INDEX(Calculations!$C$88:$V$107,COLUMN(D1),ROW(D1)),INDEX($Z$3:$AS$22,COLUMN(D1),ROW(D1))) -> 0.57392126 | AD3: =IF(Blanks!F2,INDEX(Calculations!$C$88:$V$107,COLUMN(E1),ROW(E1)),INDEX($Z$3:$AS$22,COLUMN(E1),ROW(E1))) -> 0.67716731 | AE3: =IF(Blanks!G2,INDEX(Calculations!$C$88:$V$107,COLUMN(F1),ROW(F1)),INDEX($Z$3:$AS$22,COLUMN(F1),ROW(F1))) | AF3: =IF(Blanks!H2,INDEX(Calculations!$C$88:$V$107,COLUMN(G1),ROW(G1)),INDEX($Z$3:$AS$22,COLUMN(G1),ROW(G1))) | AG3: =IF(Blanks!I2,INDEX(Calculations!$C$88:$V$107,COLUMN(H1),ROW(H1)),INDEX($Z$3:$AS$22,COLUMN(H1),ROW(H1))) | AH3: =IF(Blanks!J2,INDEX(Calculations!$C$88:$V$107,COLUMN(I1),ROW(I1)),INDEX($Z$3:$AS$22,COLUMN(I1),ROW(I1))) | ... AS3: =IF(Blanks!U2,INDEX(Calculations!$C$88:$V$107,COLUMN(T1),ROW(T1)),INDEX($Z$3:$AS$22,COLUMN(T1),ROW(T1)))
B4: Wechsler Intelligence Scale for Children | C4: WISC-R (1974) | D4: 71 | E4: 1 | G4: 11 | H4: 1983 | I4: =IF($C4="","",MIN(INDEX(Tests!E$3:E$499,MATCH($C4,Tests!$J$3:$J$499,0)),INDEX(Tests!F$3:F$499,MATCH($C4,Tests!$J$3:$J$499,0)))) -> 1972 | J4: =IF(OR(ISBLANK(H4),ISBLANK(I4)),"",H4-I4) -> 11 | K4: =IF(OR(J4="",J4<0),"",-0.1*IF(ISBLANK(F4),F$1,F4)*J4+L4) -> 67.766 | L4: =IF(OR(B4="",C4="",D4=""),"",15*(D4-Q4)/R4+100) -> 71 | M4: =IF(ISNA(Calculations!N12),"",Calculations!N12) -> 70.415801 | N4: =IF(Calculations!Z12="","",Calculations!Z12-M4) -> -2.6498011 | O4: =IF(OR(Calculations!Z12="",ISNA(Calculations!Y12)),"",Calculations!Y12) -> 0.29 | P4: {=IF(O4="","",INDEX(Calculations!$E$33:$E$41,1+SUM(--(Calculations!K12>Calculations!$C$34:$C$41)),1))} -> Average-sized deviation | Q4: =IF($C4="","",INDEX(Tests!G$3:G$499,MATCH($C4,Tests!$J$3:$J$499,0))) -> 100 | R4: =IF($C4="","",INDEX(Tests!H$3:H$499,MATCH($C4,Tests!$J$3:$J$499,0))) -> 15 | S4: =Calculations!AB12 -> 0.96 | T4: =IF($C4="","",INDEX(Tests!C$3:C$499,MATCH($C4,Tests!$J$3:$J$499,0))) -> Wechsler | Y4: 2. WISC-R (1974) | AA4: 1 | AB4: =IF(Blanks!D3,INDEX(Calculations!$C$88:$V$107,COLUMN(C2),ROW(C2)),INDEX($Z$3:$AS$22,COLUMN(C2),ROW(C2))) -> 0.69917339 | AC4: =IF(Blanks!E3,INDEX(Calculations!$C$88:$V$107,COLUMN(D2),ROW(D2)),INDEX($Z$3:$AS$22,COLUMN(D2),ROW(D2))) -> 0.58314837 | AD4: =IF(Blanks!F3,INDEX(Calculations!$C$88:$V$107,COLUMN(E2),ROW(E2)),INDEX($Z$3:$AS$22,COLUMN(E2),ROW(E2))) -> 0.68628285 | AE4: =IF(Blanks!G3,INDEX(Calculations!$C$88:$V$107,COLUMN(F2),ROW(F2)),INDEX($Z$3:$AS$22,COLUMN(F2),ROW(F2))) | AF4: =IF(Blanks!H3,INDEX(Calculations!$C$88:$V$107,COLUMN(G2),ROW(G2)),INDEX($Z$3:$AS$22,COLUMN(G2),ROW(G2))) | AG4: =IF(Blanks!I3,INDEX(Calculations!$C$88:$V$107,COLUMN(H2),ROW(H2)),INDEX($Z$3:$AS$22,COLUMN(H2),ROW(H2))) | AH4: =IF(Blanks!J3,INDEX(Calculations!$C$88:$V$107,COLUMN(I2),ROW(I2)),INDEX($Z$3:$AS$22,COLUMN(I2),ROW(I2))) | AI4: =IF(Blanks!K3,INDEX(Calculations!$C$88:$V$107,COLUMN(J2),ROW(J2)),INDEX($Z$3:$AS$22,COLUMN(J2),ROW(J2))) | ... AS4: =IF(Blanks!U3,INDEX(Calculations!$C$88:$V$107,COLUMN(T2),ROW(T2)),INDEX($Z$3:$AS$22,COLUMN(T2),ROW(T2)))
B5: Wechsler Adult Intelligence Scale | C5: WAIS-III (1997) | D5: 73 | E5: 1 | G5: 30 | H5: 2002 | I5: =IF($C5="","",MIN(INDEX(Tests!E$3:E$499,MATCH($C5,Tests!$J$3:$J$499,0)),INDEX(Tests!F$3:F$499,MATCH($C5,Tests!$J$3:$J$499,0)))) -> 1995 | J5: =IF(OR(ISBLANK(H5),ISBLANK(I5)),"",H5-I5) -> 7 | K5: =IF(OR(J5="",J5<0),"",-0.1*IF(ISBLANK(F5),F$1,F5)*J5+L5) -> 70.942 | L5: =IF(OR(B5="",C5="",D5=""),"",15*(D5-Q5)/R5+100) -> 73 | M5: =IF(ISNA(Calculations!N13),"",Calculations!N13) -> 70.873923 | N5: =IF(Calculations!Z13="","",Calculations!Z13-M5) -> 0.068076616 | O5: =IF(OR(Calculations!Z13="",ISNA(Calculations!Y13)),"",Calculations!Y13) -> 0.007 | P5: {=IF(O5="","",INDEX(Calculations!$E$33:$E$41,1+SUM(--(Calculations!K13>Calculations!$C$34:$C$41)),1))} -> Very small deviation | Q5: =IF($C5="","",INDEX(Tests!G$3:G$499,MATCH($C5,Tests!$J$3:$J$499,0))) -> 100 | R5: =IF($C5="","",INDEX(Tests!H$3:H$499,MATCH($C5,Tests!$J$3:$J$499,0))) -> 15 | S5: =Calculations!AB13 -> 0.98 | T5: =IF($C5="","",INDEX(Tests!C$3:C$499,MATCH($C5,Tests!$J$3:$J$499,0))) -> Wechsler | Y5: 3. WAIS-III (1997) | AB5: 1 | AC5: =IF(Blanks!E4,INDEX(Calculations!$C$88:$V$107,COLUMN(D3),ROW(D3)),INDEX($Z$3:$AS$22,COLUMN(D3),ROW(D3))) -> 0.63567264 | AD5: =IF(Blanks!F4,INDEX(Calculations!$C$88:$V$107,COLUMN(E3),ROW(E3)),INDEX($Z$3:$AS$22,COLUMN(E3),ROW(E3))) -> 0.72776033 | AE5: =IF(Blanks!G4,INDEX(Calculations!$C$88:$V$107,COLUMN(F3),ROW(F3)),INDEX($Z$3:$AS$22,COLUMN(F3),ROW(F3))) | AF5: =IF(Blanks!H4,INDEX(Calculations!$C$88:$V$107,COLUMN(G3),ROW(G3)),INDEX($Z$3:$AS$22,COLUMN(G3),ROW(G3))) | AG5: =IF(Blanks!I4,INDEX(Calculations!$C$88:$V$107,COLUMN(H3),ROW(H3)),INDEX($Z$3:$AS$22,COLUMN(H3),ROW(H3))) | AH5: =IF(Blanks!J4,INDEX(Calculations!$C$88:$V$107,COLUMN(I3),ROW(I3)),INDEX($Z$3:$AS$22,COLUMN(I3),ROW(I3))) | AI5: =IF(Blanks!K4,INDEX(Calculations!$C$88:$V$107,COLUMN(J3),ROW(J3)),INDEX($Z$3:$AS$22,COLUMN(J3),ROW(J3))) | AJ5: =IF(Blanks!L4,INDEX(Calculations!$C$88:$V$107,COLUMN(K3),ROW(K3)),INDEX($Z$3:$AS$22,COLUMN(K3),ROW(K3))) | ... AS5: =IF(Blanks!U4,INDEX(Calculations!$C$88:$V$107,COLUMN(T3),ROW(T3)),INDEX($Z$3:$AS$22,COLUMN(T3),ROW(T3)))
B6: Stanford-Binet | C6: SB5 (2003) | D6: 81 | E6: 1 | G6: 45 | H6: 2017 | I6: =IF($C6="","",MIN(INDEX(Tests!E$3:E$499,MATCH($C6,Tests!$J$3:$J$499,0)),INDEX(Tests!F$3:F$499,MATCH($C6,Tests!$J$3:$J$499,0)))) -> 2001 | J6: =IF(OR(ISBLANK(H6),ISBLANK(I6)),"",H6-I6) -> 16 | K6: =IF(OR(J6="",J6<0),"",-0.1*IF(ISBLANK(F6),F$1,F6)*J6+L6) -> 76.296 | L6: =IF(OR(B6="",C6="",D6=""),"",15*(D6-Q6)/R6+100) -> 81 | M6: =IF(ISNA(Calculations!N14),"",Calculations!N14) -> 72.824966 | N6: =IF(Calculations!Z14="","",Calculations!Z14-M6) -> 3.4710341 | O6: =IF(OR(Calculations!Z14="",ISNA(Calculations!Y14)),"",Calculations!Y14) -> 0.31 | P6: {=IF(O6="","",INDEX(Calculations!$E$33:$E$41,1+SUM(--(Calculations!K14>Calculations!$C$34:$C$41)),1))} -> Average-sized deviation | Q6: =IF($C6="","",INDEX(Tests!G$3:G$499,MATCH($C6,Tests!$J$3:$J$499,0))) -> 100 | R6: =IF($C6="","",INDEX(Tests!H$3:H$499,MATCH($C6,Tests!$J$3:$J$499,0))) -> 15 | S6: =Calculations!AB14 -> 0.98 | T6: =IF($C6="","",INDEX(Tests!C$3:C$499,MATCH($C6,Tests!$J$3:$J$499,0))) -> Stanford-Binet | Y6: 4. SB5 (2003) | AC6: 1 | AD6: =IF(Blanks!F5,INDEX(Calculations!$C$88:$V$107,COLUMN(E4),ROW(E4)),INDEX($Z$3:$AS$22,COLUMN(E4),ROW(E4))) -> 0.70699526 | AE6: =IF(Blanks!G5,INDEX(Calculations!$C$88:$V$107,COLUMN(F4),ROW(F4)),INDEX($Z$3:$AS$22,COLUMN(F4),ROW(F4))) | AF6: =IF(Blanks!H5,INDEX(Calculations!$C$88:$V$107,COLUMN(G4),ROW(G4)),INDEX($Z$3:$AS$22,COLUMN(G4),ROW(G4))) | AG6: =IF(Blanks!I5,INDEX(Calculations!$C$88:$V$107,COLUMN(H4),ROW(H4)),INDEX($Z$3:$AS$22,COLUMN(H4),ROW(H4))) | AH6: =IF(Blanks!J5,INDEX(Calculations!$C$88:$V$107,COLUMN(I4),ROW(I4)),INDEX($Z$3:$AS$22,COLUMN(I4),ROW(I4))) | AI6: =IF(Blanks!K5,INDEX(Calculations!$C$88:$V$107,COLUMN(J4),ROW(J4)),INDEX($Z$3:$AS$22,COLUMN(J4),ROW(J4))) | AJ6: =IF(Blanks!L5,INDEX(Calculations!$C$88:$V$107,COLUMN(K4),ROW(K4)),INDEX($Z$3:$AS$22,COLUMN(K4),ROW(K4))) | AK6: =IF(Blanks!M5,INDEX(Calculations!$C$88:$V$107,COLUMN(L4),ROW(L4)),INDEX($Z$3:$AS$22,COLUMN(L4),ROW(L4))) | ... AS6: =IF(Blanks!U5,INDEX(Calculations!$C$88:$V$107,COLUMN(T4),ROW(T4)),INDEX($Z$3:$AS$22,COLUMN(T4),ROW(T4)))
B7: Wechsler Adult Intelligence Scale | C7: WAIS-IV (2008) | D7: 68 | E7: 1 | F7: 1.2 | G7: 50 | H7: 2022 | I7: =IF($C7="","",MIN(INDEX(Tests!E$3:E$499,MATCH($C7,Tests!$J$3:$J$499,0)),INDEX(Tests!F$3:F$499,MATCH($C7,Tests!$J$3:$J$499,0)))) -> 2007 | J7: =IF(OR(ISBLANK(H7),ISBLANK(I7)),"",H7-I7) -> 15 | K7: =IF(OR(J7="",J7<0),"",-0.1*IF(ISBLANK(F7),F$1,F7)*J7+L7) -> 66.2 | L7: =IF(OR(B7="",C7="",D7=""),"",15*(D7-Q7)/R7+100) -> 68 | M7: =IF(ISNA(Calculations!N15),"",Calculations!N15) -> 70.507397 | N7: =IF(Calculations!Z15="","",Calculations!Z15-M7) -> -4.3073967 | O7: =IF(OR(Calculations!Z15="",ISNA(Calculations!Y15)),"",Calculations!Y15) -> 0.45 | P7: {=IF(O7="","",INDEX(Calculations!$E$33:$E$41,1+SUM(--(Calculations!K15>Calculations!$C$34:$C$41)),1))} -> Average-sized deviation | Q7: =IF($C7="","",INDEX(Tests!G$3:G$499,MATCH($C7,Tests!$J$3:$J$499,0))) -> 100 | R7: =IF($C7="","",INDEX(Tests!H$3:H$499,MATCH($C7,Tests!$J$3:$J$499,0))) -> 15 | S7: =Calculations!AB15 -> 0.98 | T7: =IF($C7="","",INDEX(Tests!C$3:C$499,MATCH($C7,Tests!$J$3:$J$499,0))) -> Wechsler | Y7: 5. WAIS-IV (2008) | AD7: 1 | AE7: =IF(Blanks!G6,INDEX(Calculations!$C$88:$V$107,COLUMN(F5),ROW(F5)),INDEX($Z$3:$AS$22,COLUMN(F5),ROW(F5))) | AF7: =IF(Blanks!H6,INDEX(Calculations!$C$88:$V$107,COLUMN(G5),ROW(G5)),INDEX($Z$3:$AS$22,COLUMN(G5),ROW(G5))) | AG7: =IF(Blanks!I6,INDEX(Calculations!$C$88:$V$107,COLUMN(H5),ROW(H5)),INDEX($Z$3:$AS$22,COLUMN(H5),ROW(H5))) | AH7: =IF(Blanks!J6,INDEX(Calculations!$C$88:$V$107,COLUMN(I5),ROW(I5)),INDEX($Z$3:$AS$22,COLUMN(I5),ROW(I5))) | AI7: =IF(Blanks!K6,INDEX(Calculations!$C$88:$V$107,COLUMN(J5),ROW(J5)),INDEX($Z$3:$AS$22,COLUMN(J5),ROW(J5))) | AJ7: =IF(Blanks!L6,INDEX(Calculations!$C$88:$V$107,COLUMN(K5),ROW(K5)),INDEX($Z$3:$AS$22,COLUMN(K5),ROW(K5))) | AK7: =IF(Blanks!M6,INDEX(Calculations!$C$88:$V$107,COLUMN(L5),ROW(L5)),INDEX($Z$3:$AS$22,COLUMN(L5),ROW(L5))) | AL7: =IF(Blanks!N6,INDEX(Calculations!$C$88:$V$107,COLUMN(M5),ROW(M5)),INDEX($Z$3:$AS$22,COLUMN(M5),ROW(M5))) | ... AS7: =IF(Blanks!U6,INDEX(Calculations!$C$88:$V$107,COLUMN(T5),ROW(T5)),INDEX($Z$3:$AS$22,COLUMN(T5),ROW(T5)))
E8: 1 | I8: =IF($C8="","",MIN(INDEX(Tests!E$3:E$499,MATCH($C8,Tests!$J$3:$J$499,0)),INDEX(Tests!F$3:F$499,MATCH($C8,Tests!$J$3:$J$499,0)))) | J8: =IF(OR(ISBLANK(H8),ISBLANK(I8)),"",H8-I8) | K8: =IF(OR(J8="",J8<0),"",-0.1*F$1*J8+L8) | L8: =IF(OR(B8="",C8="",D8=""),"",15*(D8-Q8)/R8+100) | M8: =IF(ISNA(Calculations!N16),"",Calculations!N16) | N8: =IF(Calculations!Z16="","",Calculations!Z16-M8) | O8: =IF(OR(Calculations!Z16="",ISNA(Calculations!Y16)),"",Calculations!Y16) | P8: {=IF(O8="","",INDEX(Calculations!$E$33:$E$41,1+SUM(--(Calculations!K16>Calculations!$C$34:$C$41)),1))} | Q8: =IF($C8="","",INDEX(Tests!G$3:G$499,MATCH($C8,Tests!$J$3:$J$499,0))) | R8: =IF($C8="","",INDEX(Tests!H$3:H$499,MATCH($C8,Tests!$J$3:$J$499,0))) | S8: =Calculations!AB16 | T8: =IF($C8="","",INDEX(Tests!C$3:C$499,MATCH($C8,Tests!$J$3:$J$499,0))) | Y8: 6 | AE8: 1 | AF8: =IF(Blanks!H7,INDEX(Calculations!$C$88:$V$107,COLUMN(G6),ROW(G6)),INDEX($Z$3:$AS$22,COLUMN(G6),ROW(G6))) | AG8: =IF(Blanks!I7,INDEX(Calculations!$C$88:$V$107,COLUMN(H6),ROW(H6)),INDEX($Z$3:$AS$22,COLUMN(H6),ROW(H6))) | AH8: =IF(Blanks!J7,INDEX(Calculations!$C$88:$V$107,COLUMN(I6),ROW(I6)),INDEX($Z$3:$AS$22,COLUMN(I6),ROW(I6))) | AI8: =IF(Blanks!K7,INDEX(Calculations!$C$88:$V$107,COLUMN(J6),ROW(J6)),INDEX($Z$3:$AS$22,COLUMN(J6),ROW(J6))) | AJ8: =IF(Blanks!L7,INDEX(Calculations!$C$88:$V$107,COLUMN(K6),ROW(K6)),INDEX($Z$3:$AS$22,COLUMN(K6),ROW(K6))) | AK8: =IF(Blanks!M7,INDEX(Calculations!$C$88:$V$107,COLUMN(L6),ROW(L6)),INDEX($Z$3:$AS$22,COLUMN(L6),ROW(L6))) | AL8: =IF(Blanks!N7,INDEX(Calculations!$C$88:$V$107,COLUMN(M6),ROW(M6)),INDEX($Z$3:$AS$22,COLUMN(M6),ROW(M6))) | AM8: =IF(Blanks!O7,INDEX(Calculations!$C$88:$V$107,COLUMN(N6),ROW(N6)),INDEX($Z$3:$AS$22,COLUMN(N6),ROW(N6))) | ... AS8: =IF(Blanks!U7,INDEX(Calculations!$C$88:$V$107,COLUMN(T6),ROW(T6)),INDEX($Z$3:$AS$22,COLUMN(T6),ROW(T6)))
E9: 1 | I9: =IF($C9="","",INDEX(Tests!E$3:E$499,MATCH($C9,Tests!$J$3:$J$499,0))) | J9: =IF(OR(ISBLANK(H9),ISBLANK(I9)),"",H9-I9) | K9: =IF(OR(J9="",J9<0),"",-0.1*F$1*J9+L9) | L9: =IF(OR(B9="",C9="",D9=""),"",15*(D9-Q9)/R9+100) | M9: =IF(ISNA(Calculations!N17),"",Calculations!N17) | N9: =IF(Calculations!Z17="","",Calculations!Z17-M9) | O9: =IF(OR(Calculations!Z17="",ISNA(Calculations!Y17)),"",Calculations!Y17) | P9: {=IF(O9="","",INDEX(Calculations!$E$33:$E$41,1+SUM(--(Calculations!K17>Calculations!$C$34:$C$41)),1))} | Q9: =IF($C9="","",INDEX(Tests!G$3:G$499,MATCH($C9,Tests!$J$3:$J$499,0))) | R9: =IF($C9="","",INDEX(Tests!H$3:H$499,MATCH($C9,Tests!$J$3:$J$499,0))) | S9: =Calculations!AB17 | T9: =IF($C9="","",INDEX(Tests!C$3:C$499,MATCH($C9,Tests!$J$3:$J$499,0))) | Y9: 7 | AF9: 1 | AG9: =IF(Blanks!I8,INDEX(Calculations!$C$88:$V$107,COLUMN(H7),ROW(H7)),INDEX($Z$3:$AS$22,COLUMN(H7),ROW(H7))) | AH9: =IF(Blanks!J8,INDEX(Calculations!$C$88:$V$107,COLUMN(I7),ROW(I7)),INDEX($Z$3:$AS$22,COLUMN(I7),ROW(I7))) | AI9: =IF(Blanks!K8,INDEX(Calculations!$C$88:$V$107,COLUMN(J7),ROW(J7)),INDEX($Z$3:$AS$22,COLUMN(J7),ROW(J7))) | AJ9: =IF(Blanks!L8,INDEX(Calculations!$C$88:$V$107,COLUMN(K7),ROW(K7)),INDEX($Z$3:$AS$22,COLUMN(K7),ROW(K7))) | AK9: =IF(Blanks!M8,INDEX(Calculations!$C$88:$V$107,COLUMN(L7),ROW(L7)),INDEX($Z$3:$AS$22,COLUMN(L7),ROW(L7))) | AL9: =IF(Blanks!N8,INDEX(Calculations!$C$88:$V$107,COLUMN(M7),ROW(M7)),INDEX($Z$3:$AS$22,COLUMN(M7),ROW(M7))) | AM9: =IF(Blanks!O8,INDEX(Calculations!$C$88:$V$107,COLUMN(N7),ROW(N7)),INDEX($Z$3:$AS$22,COLUMN(N7),ROW(N7))) | AN9: =IF(Blanks!P8,INDEX(Calculations!$C$88:$V$107,COLUMN(O7),ROW(O7)),INDEX($Z$3:$AS$22,COLUMN(O7),ROW(O7))) | ... AS9: =IF(Blanks!U8,INDEX(Calculations!$C$88:$V$107,COLUMN(T7),ROW(T7)),INDEX($Z$3:$AS$22,COLUMN(T7),ROW(T7)))
E10: 1 | I10: =IF($C10="","",INDEX(Tests!E$3:E$499,MATCH($C10,Tests!$J$3:$J$499,0))) | J10: =IF(OR(ISBLANK(H10),ISBLANK(I10)),"",H10-I10) | K10: =IF(OR(J10="",J10<0),"",-0.1*F$1*J10+L10) | L10: =IF(OR(B10="",C10="",D10=""),"",15*(D10-Q10)/R10+100) | M10: =IF(ISNA(Calculations!N18),"",Calculations!N18) | N10: =IF(Calculations!Z18="","",Calculations!Z18-M10) | O10: =IF(OR(Calculations!Z18="",ISNA(Calculations!Y18)),"",Calculations!Y18) | P10: {=IF(O10="","",INDEX(Calculations!$E$33:$E$41,1+SUM(--(Calculations!K18>Calculations!$C$34:$C$41)),1))} | Q10: =IF($C10="","",INDEX(Tests!G$3:G$499,MATCH($C10,Tests!$J$3:$J$499,0))) | R10: =IF($C10="","",INDEX(Tests!H$3:H$499,MATCH($C10,Tests!$J$3:$J$499,0))) | S10: =Calculations!AB18 | T10: =IF($C10="","",INDEX(Tests!C$3:C$499,MATCH($C10,Tests!$J$3:$J$499,0))) | Y10: 8 | AG10: 1 | AH10: =IF(Blanks!J9,INDEX(Calculations!$C$88:$V$107,COLUMN(I8),ROW(I8)),INDEX($Z$3:$AS$22,COLUMN(I8),ROW(I8))) | AI10: =IF(Blanks!K9,INDEX(Calculations!$C$88:$V$107,COLUMN(J8),ROW(J8)),INDEX($Z$3:$AS$22,COLUMN(J8),ROW(J8))) | AJ10: =IF(Blanks!L9,INDEX(Calculations!$C$88:$V$107,COLUMN(K8),ROW(K8)),INDEX($Z$3:$AS$22,COLUMN(K8),ROW(K8))) | AK10: =IF(Blanks!M9,INDEX(Calculations!$C$88:$V$107,COLUMN(L8),ROW(L8)),INDEX($Z$3:$AS$22,COLUMN(L8),ROW(L8))) | AL10: =IF(Blanks!N9,INDEX(Calculations!$C$88:$V$107,COLUMN(M8),ROW(M8)),INDEX($Z$3:$AS$22,COLUMN(M8),ROW(M8))) | AM10: =IF(Blanks!O9,INDEX(Calculations!$C$88:$V$107,COLUMN(N8),ROW(N8)),INDEX($Z$3:$AS$22,COLUMN(N8),ROW(N8))) | AN10: =IF(Blanks!P9,INDEX(Calculations!$C$88:$V$107,COLUMN(O8),ROW(O8)),INDEX($Z$3:$AS$22,COLUMN(O8),ROW(O8))) | AO10: =IF(Blanks!Q9,INDEX(Calculations!$C$88:$V$107,COLUMN(P8),ROW(P8)),INDEX($Z$3:$AS$22,COLUMN(P8),ROW(P8))) | ... AS10: =IF(Blanks!U9,INDEX(Calculations!$C$88:$V$107,COLUMN(T8),ROW(T8)),INDEX($Z$3:$AS$22,COLUMN(T8),ROW(T8)))
E11: 1 | I11: =IF($C11="","",INDEX(Tests!E$3:E$499,MATCH($C11,Tests!$J$3:$J$499,0))) | J11: =IF(OR(ISBLANK(H11),ISBLANK(I11)),"",H11-I11) | K11: =IF(OR(J11="",J11<0),"",-0.1*F$1*J11+L11) | L11: =IF(OR(B11="",C11="",D11=""),"",15*(D11-Q11)/R11+100) | M11: =IF(ISNA(Calculations!N19),"",Calculations!N19) | N11: =IF(Calculations!Z19="","",Calculations!Z19-M11) | O11: =IF(OR(Calculations!Z19="",ISNA(Calculations!Y19)),"",Calculations!Y19) | P11: {=IF(O11="","",INDEX(Calculations!$E$33:$E$41,1+SUM(--(Calculations!K19>Calculations!$C$34:$C$41)),1))} | Q11: =IF($C11="","",INDEX(Tests!G$3:G$499,MATCH($C11,Tests!$J$3:$J$499,0))) | R11: =IF($C11="","",INDEX(Tests!H$3:H$499,MATCH($C11,Tests!$J$3:$J$499,0))) | S11: =Calculations!AB19 | T11: =IF($C11="","",INDEX(Tests!C$3:C$499,MATCH($C11,Tests!$J$3:$J$499,0))) | Y11: 9 | AH11: 1 | AI11: =IF(Blanks!K10,INDEX(Calculations!$C$88:$V$107,COLUMN(J9),ROW(J9)),INDEX($Z$3:$AS$22,COLUMN(J9),ROW(J9))) | AJ11: =IF(Blanks!L10,INDEX(Calculations!$C$88:$V$107,COLUMN(K9),ROW(K9)),INDEX($Z$3:$AS$22,COLUMN(K9),ROW(K9))) | AK11: =IF(Blanks!M10,INDEX(Calculations!$C$88:$V$107,COLUMN(L9),ROW(L9)),INDEX($Z$3:$AS$22,COLUMN(L9),ROW(L9))) | AL11: =IF(Blanks!N10,INDEX(Calculations!$C$88:$V$107,COLUMN(M9),ROW(M9)),INDEX($Z$3:$AS$22,COLUMN(M9),ROW(M9))) | AM11: =IF(Blanks!O10,INDEX(Calculations!$C$88:$V$107,COLUMN(N9),ROW(N9)),INDEX($Z$3:$AS$22,COLUMN(N9),ROW(N9))) | AN11: =IF(Blanks!P10,INDEX(Calculations!$C$88:$V$107,COLUMN(O9),ROW(O9)),INDEX($Z$3:$AS$22,COLUMN(O9),ROW(O9))) | AO11: =IF(Blanks!Q10,INDEX(Calculations!$C$88:$V$107,COLUMN(P9),ROW(P9)),INDEX($Z$3:$AS$22,COLUMN(P9),ROW(P9))) | AP11: =IF(Blanks!R10,INDEX(Calculations!$C$88:$V$107,COLUMN(Q9),ROW(Q9)),INDEX($Z$3:$AS$22,COLUMN(Q9),ROW(Q9))) | ... AS11: =IF(Blanks!U10,INDEX(Calculations!$C$88:$V$107,COLUMN(T9),ROW(T9)),INDEX($Z$3:$AS$22,COLUMN(T9),ROW(T9)))
E12: 1 | I12: =IF($C12="","",INDEX(Tests!E$3:E$499,MATCH($C12,Tests!$J$3:$J$499,0))) | J12: =IF(OR(ISBLANK(H12),ISBLANK(I12)),"",H12-I12) | K12: =IF(OR(J12="",J12<0),"",-0.1*F$1*J12+L12) | L12: =IF(OR(B12="",C12="",D12=""),"",15*(D12-Q12)/R12+100) | M12: =IF(ISNA(Calculations!N20),"",Calculations!N20) | N12: =IF(Calculations!Z20="","",Calculations!Z20-M12) | O12: =IF(OR(Calculations!Z20="",ISNA(Calculations!Y20)),"",Calculations!Y20) | P12: {=IF(O12="","",INDEX(Calculations!$E$33:$E$41,1+SUM(--(Calculations!K20>Calculations!$C$34:$C$41)),1))} | Q12: =IF($C12="","",INDEX(Tests!G$3:G$499,MATCH($C12,Tests!$J$3:$J$499,0))) | R12: =IF($C12="","",INDEX(Tests!H$3:H$499,MATCH($C12,Tests!$J$3:$J$499,0))) | S12: =Calculations!AB20 | T12: =IF($C12="","",INDEX(Tests!C$3:C$499,MATCH($C12,Tests!$J$3:$J$499,0))) | Y12: 10 | AI12: 1 | AJ12: =IF(Blanks!L11,INDEX(Calculations!$C$88:$V$107,COLUMN(K10),ROW(K10)),INDEX($Z$3:$AS$22,COLUMN(K10),ROW(K10))) | AK12: =IF(Blanks!M11,INDEX(Calculations!$C$88:$V$107,COLUMN(L10),ROW(L10)),INDEX($Z$3:$AS$22,COLUMN(L10),ROW(L10))) | AL12: =IF(Blanks!N11,INDEX(Calculations!$C$88:$V$107,COLUMN(M10),ROW(M10)),INDEX($Z$3:$AS$22,COLUMN(M10),ROW(M10))) | AM12: =IF(Blanks!O11,INDEX(Calculations!$C$88:$V$107,COLUMN(N10),ROW(N10)),INDEX($Z$3:$AS$22,COLUMN(N10),ROW(N10))) | AN12: =IF(Blanks!P11,INDEX(Calculations!$C$88:$V$107,COLUMN(O10),ROW(O10)),INDEX($Z$3:$AS$22,COLUMN(O10),ROW(O10))) | AO12: =IF(Blanks!Q11,INDEX(Calculations!$C$88:$V$107,COLUMN(P10),ROW(P10)),INDEX($Z$3:$AS$22,COLUMN(P10),ROW(P10))) | AP12: =IF(Blanks!R11,INDEX(Calculations!$C$88:$V$107,COLUMN(Q10),ROW(Q10)),INDEX($Z$3:$AS$22,COLUMN(Q10),ROW(Q10))) | AQ12: =IF(Blanks!S11,INDEX(Calculations!$C$88:$V$107,COLUMN(R10),ROW(R10)),INDEX($Z$3:$AS$22,COLUMN(R10),ROW(R10))) | ... AS12: =IF(Blanks!U11,INDEX(Calculations!$C$88:$V$107,COLUMN(T10),ROW(T10)),INDEX($Z$3:$AS$22,COLUMN(T10),ROW(T10)))
E13: 1 | I13: =IF($C13="","",INDEX(Tests!E$3:E$499,MATCH($C13,Tests!$J$3:$J$499,0))) | J13: =IF(OR(ISBLANK(H13),ISBLANK(I13)),"",H13-I13) | K13: =IF(OR(J13="",J13<0),"",-0.1*F$1*J13+L13) | L13: =IF(OR(B13="",C13="",D13=""),"",15*(D13-Q13)/R13+100) | M13: =IF(ISNA(Calculations!N21),"",Calculations!N21) | N13: =IF(Calculations!Z21="","",Calculations!Z21-M13) | O13: =IF(OR(Calculations!Z21="",ISNA(Calculations!Y21)),"",Calculations!Y21) | P13: {=IF(O13="","",INDEX(Calculations!$E$33:$E$41,1+SUM(--(Calculations!K21>Calculations!$C$34:$C$41)),1))} | Q13: =IF($C13="","",INDEX(Tests!G$3:G$499,MATCH($C13,Tests!$J$3:$J$499,0))) | R13: =IF($C13="","",INDEX(Tests!H$3:H$499,MATCH($C13,Tests!$J$3:$J$499,0))) | S13: =Calculations!AB21 | T13: =IF($C13="","",INDEX(Tests!C$3:C$499,MATCH($C13,Tests!$J$3:$J$499,0))) | Y13: 11 | AJ13: 1 | AK13: =IF(Blanks!M12,INDEX(Calculations!$C$88:$V$107,COLUMN(L11),ROW(L11)),INDEX($Z$3:$AS$22,COLUMN(L11),ROW(L11))) | AL13: =IF(Blanks!N12,INDEX(Calculations!$C$88:$V$107,COLUMN(M11),ROW(M11)),INDEX($Z$3:$AS$22,COLUMN(M11),ROW(M11))) | AM13: =IF(Blanks!O12,INDEX(Calculations!$C$88:$V$107,COLUMN(N11),ROW(N11)),INDEX($Z$3:$AS$22,COLUMN(N11),ROW(N11))) | AN13: =IF(Blanks!P12,INDEX(Calculations!$C$88:$V$107,COLUMN(O11),ROW(O11)),INDEX($Z$3:$AS$22,COLUMN(O11),ROW(O11))) | AO13: =IF(Blanks!Q12,INDEX(Calculations!$C$88:$V$107,COLUMN(P11),ROW(P11)),INDEX($Z$3:$AS$22,COLUMN(P11),ROW(P11))) | AP13: =IF(Blanks!R12,INDEX(Calculations!$C$88:$V$107,COLUMN(Q11),ROW(Q11)),INDEX($Z$3:$AS$22,COLUMN(Q11),ROW(Q11))) | AQ13: =IF(Blanks!S12,INDEX(Calculations!$C$88:$V$107,COLUMN(R11),ROW(R11)),INDEX($Z$3:$AS$22,COLUMN(R11),ROW(R11))) | AR13: =IF(Blanks!T12,INDEX(Calculations!$C$88:$V$107,COLUMN(S11),ROW(S11)),INDEX($Z$3:$AS$22,COLUMN(S11),ROW(S11))) | AS13: =IF(Blanks!U12,INDEX(Calculations!$C$88:$V$107,COLUMN(T11),ROW(T11)),INDEX($Z$3:$AS$22,COLUMN(T11),ROW(T11)))
E14: 1 | I14: =IF($C14="","",INDEX(Tests!E$3:E$499,MATCH($C14,Tests!$J$3:$J$499,0))) | J14: =IF(OR(ISBLANK(H14),ISBLANK(I14)),"",H14-I14) | K14: =IF(OR(J14="",J14<0),"",-0.1*F$1*J14+L14) | L14: =IF(OR(B14="",C14="",D14=""),"",15*(D14-Q14)/R14+100) | M14: =IF(ISNA(Calculations!N22),"",Calculations!N22) | N14: =IF(Calculations!Z22="","",Calculations!Z22-M14) | O14: =IF(OR(Calculations!Z22="",ISNA(Calculations!Y22)),"",Calculations!Y22) | P14: {=IF(O14="","",INDEX(Calculations!$E$33:$E$41,1+SUM(--(Calculations!K22>Calculations!$C$34:$C$41)),1))} | Q14: =IF($C14="","",INDEX(Tests!G$3:G$499,MATCH($C14,Tests!$J$3:$J$499,0))) | R14: =IF($C14="","",INDEX(Tests!H$3:H$499,MATCH($C14,Tests!$J$3:$J$499,0))) | S14: =Calculations!AB22 | T14: =IF($C14="","",INDEX(Tests!C$3:C$499,MATCH($C14,Tests!$J$3:$J$499,0))) | Y14: 12 | AK14: 1 | AL14: =IF(Blanks!N13,INDEX(Calculations!$C$88:$V$107,COLUMN(M12),ROW(M12)),INDEX($Z$3:$AS$22,COLUMN(M12),ROW(M12))) | AM14: =IF(Blanks!O13,INDEX(Calculations!$C$88:$V$107,COLUMN(N12),ROW(N12)),INDEX($Z$3:$AS$22,COLUMN(N12),ROW(N12))) | AN14: =IF(Blanks!P13,INDEX(Calculations!$C$88:$V$107,COLUMN(O12),ROW(O12)),INDEX($Z$3:$AS$22,COLUMN(O12),ROW(O12))) | AO14: =IF(Blanks!Q13,INDEX(Calculations!$C$88:$V$107,COLUMN(P12),ROW(P12)),INDEX($Z$3:$AS$22,COLUMN(P12),ROW(P12))) | AP14: =IF(Blanks!R13,INDEX(Calculations!$C$88:$V$107,COLUMN(Q12),ROW(Q12)),INDEX($Z$3:$AS$22,COLUMN(Q12),ROW(Q12))) | AQ14: =IF(Blanks!S13,INDEX(Calculations!$C$88:$V$107,COLUMN(R12),ROW(R12)),INDEX($Z$3:$AS$22,COLUMN(R12),ROW(R12))) | AR14: =IF(Blanks!T13,INDEX(Calculations!$C$88:$V$107,COLUMN(S12),ROW(S12)),INDEX($Z$3:$AS$22,COLUMN(S12),ROW(S12))) | AS14: =IF(Blanks!U13,INDEX(Calculations!$C$88:$V$107,COLUMN(T12),ROW(T12)),INDEX($Z$3:$AS$22,COLUMN(T12),ROW(T12)))
E15: 1 | I15: =IF($C15="","",INDEX(Tests!E$3:E$499,MATCH($C15,Tests!$J$3:$J$499,0))) | J15: =IF(OR(ISBLANK(H15),ISBLANK(I15)),"",H15-I15) | K15: =IF(OR(J15="",J15<0),"",-0.1*F$1*J15+L15) | L15: =IF(OR(B15="",C15="",D15=""),"",15*(D15-Q15)/R15+100) | M15: =IF(ISNA(Calculations!N23),"",Calculations!N23) | N15: =IF(Calculations!Z23="","",Calculations!Z23-M15) | O15: =IF(OR(Calculations!Z23="",ISNA(Calculations!Y23)),"",Calculations!Y23) | P15: {=IF(O15="","",INDEX(Calculations!$E$33:$E$41,1+SUM(--(Calculations!K23>Calculations!$C$34:$C$41)),1))} | Q15: =IF($C15="","",INDEX(Tests!G$3:G$499,MATCH($C15,Tests!$J$3:$J$499,0))) | R15: =IF($C15="","",INDEX(Tests!H$3:H$499,MATCH($C15,Tests!$J$3:$J$499,0))) | S15: =Calculations!AB23 | T15: =IF($C15="","",INDEX(Tests!C$3:C$499,MATCH($C15,Tests!$J$3:$J$499,0))) | Y15: 13 | AL15: 1 | AM15: =IF(Blanks!O14,INDEX(Calculations!$C$88:$V$107,COLUMN(N13),ROW(N13)),INDEX($Z$3:$AS$22,COLUMN(N13),ROW(N13))) | AN15: =IF(Blanks!P14,INDEX(Calculations!$C$88:$V$107,COLUMN(O13),ROW(O13)),INDEX($Z$3:$AS$22,COLUMN(O13),ROW(O13))) | AO15: =IF(Blanks!Q14,INDEX(Calculations!$C$88:$V$107,COLUMN(P13),ROW(P13)),INDEX($Z$3:$AS$22,COLUMN(P13),ROW(P13))) | AP15: =IF(Blanks!R14,INDEX(Calculations!$C$88:$V$107,COLUMN(Q13),ROW(Q13)),INDEX($Z$3:$AS$22,COLUMN(Q13),ROW(Q13))) | AQ15: =IF(Blanks!S14,INDEX(Calculations!$C$88:$V$107,COLUMN(R13),ROW(R13)),INDEX($Z$3:$AS$22,COLUMN(R13),ROW(R13))) | AR15: =IF(Blanks!T14,INDEX(Calculations!$C$88:$V$107,COLUMN(S13),ROW(S13)),INDEX($Z$3:$AS$22,COLUMN(S13),ROW(S13))) | AS15: =IF(Blanks!U14,INDEX(Calculations!$C$88:$V$107,COLUMN(T13),ROW(T13)),INDEX($Z$3:$AS$22,COLUMN(T13),ROW(T13)))
E16: 1 | I16: =IF($C16="","",INDEX(Tests!E$3:E$499,MATCH($C16,Tests!$J$3:$J$499,0))) | J16: =IF(OR(ISBLANK(H16),ISBLANK(I16)),"",H16-I16) | K16: =IF(OR(J16="",J16<0),"",-0.1*F$1*J16+L16) | L16: =IF(OR(B16="",C16="",D16=""),"",15*(D16-Q16)/R16+100) | M16: =IF(ISNA(Calculations!N24),"",Calculations!N24) | N16: =IF(Calculations!Z24="","",Calculations!Z24-M16) | O16: =IF(OR(Calculations!Z24="",ISNA(Calculations!Y24)),"",Calculations!Y24) | P16: {=IF(O16="","",INDEX(Calculations!$E$33:$E$41,1+SUM(--(Calculations!K24>Calculations!$C$34:$C$41)),1))} | Q16: =IF($C16="","",INDEX(Tests!G$3:G$499,MATCH($C16,Tests!$J$3:$J$499,0))) | R16: =IF($C16="","",INDEX(Tests!H$3:H$499,MATCH($C16,Tests!$J$3:$J$499,0))) | S16: =Calculations!AB24 | T16: =IF($C16="","",INDEX(Tests!C$3:C$499,MATCH($C16,Tests!$J$3:$J$499,0))) | Y16: 14 | AM16: 1 | AN16: =IF(Blanks!P15,INDEX(Calculations!$C$88:$V$107,COLUMN(O14),ROW(O14)),INDEX($Z$3:$AS$22,COLUMN(O14),ROW(O14))) | AO16: =IF(Blanks!Q15,INDEX(Calculations!$C$88:$V$107,COLUMN(P14),ROW(P14)),INDEX($Z$3:$AS$22,COLUMN(P14),ROW(P14))) | AP16: =IF(Blanks!R15,INDEX(Calculations!$C$88:$V$107,COLUMN(Q14),ROW(Q14)),INDEX($Z$3:$AS$22,COLUMN(Q14),ROW(Q14))) | AQ16: =IF(Blanks!S15,INDEX(Calculations!$C$88:$V$107,COLUMN(R14),ROW(R14)),INDEX($Z$3:$AS$22,COLUMN(R14),ROW(R14))) | AR16: =IF(Blanks!T15,INDEX(Calculations!$C$88:$V$107,COLUMN(S14),ROW(S14)),INDEX($Z$3:$AS$22,COLUMN(S14),ROW(S14))) | AS16: =IF(Blanks!U15,INDEX(Calculations!$C$88:$V$107,COLUMN(T14),ROW(T14)),INDEX($Z$3:$AS$22,COLUMN(T14),ROW(T14)))
E17: 1 | I17: =IF($C17="","",INDEX(Tests!E$3:E$499,MATCH($C17,Tests!$J$3:$J$499,0))) | J17: =IF(OR(ISBLANK(H17),ISBLANK(I17)),"",H17-I17) | K17: =IF(OR(J17="",J17<0),"",-0.1*F$1*J17+L17) | L17: =IF(OR(B17="",C17="",D17=""),"",15*(D17-Q17)/R17+100) | M17: =IF(ISNA(Calculations!N25),"",Calculations!N25) | N17: =IF(Calculations!Z25="","",Calculations!Z25-M17) | O17: =IF(OR(Calculations!Z25="",ISNA(Calculations!Y25)),"",Calculations!Y25) | P17: {=IF(O17="","",INDEX(Calculations!$E$33:$E$41,1+SUM(--(Calculations!K25>Calculations!$C$34:$C$41)),1))} | Q17: =IF($C17="","",INDEX(Tests!G$3:G$499,MATCH($C17,Tests!$J$3:$J$499,0))) | R17: =IF($C17="","",INDEX(Tests!H$3:H$499,MATCH($C17,Tests!$J$3:$J$499,0))) | S17: =Calculations!AB25 | T17: =IF($C17="","",INDEX(Tests!C$3:C$499,MATCH($C17,Tests!$J$3:$J$499,0))) | Y17: 15 | AN17: 1 | AO17: =IF(Blanks!Q16,INDEX(Calculations!$C$88:$V$107,COLUMN(P15),ROW(P15)),INDEX($Z$3:$AS$22,COLUMN(P15),ROW(P15))) | AP17: =IF(Blanks!R16,INDEX(Calculations!$C$88:$V$107,COLUMN(Q15),ROW(Q15)),INDEX($Z$3:$AS$22,COLUMN(Q15),ROW(Q15))) | AQ17: =IF(Blanks!S16,INDEX(Calculations!$C$88:$V$107,COLUMN(R15),ROW(R15)),INDEX($Z$3:$AS$22,COLUMN(R15),ROW(R15))) | AR17: =IF(Blanks!T16,INDEX(Calculations!$C$88:$V$107,COLUMN(S15),ROW(S15)),INDEX($Z$3:$AS$22,COLUMN(S15),ROW(S15))) | AS17: =IF(Blanks!U16,INDEX(Calculations!$C$88:$V$107,COLUMN(T15),ROW(T15)),INDEX($Z$3:$AS$22,COLUMN(T15),ROW(T15)))
E18: 1 | I18: =IF($C18="","",INDEX(Tests!E$3:E$499,MATCH($C18,Tests!$J$3:$J$499,0))) | J18: =IF(OR(ISBLANK(H18),ISBLANK(I18)),"",H18-I18) | K18: =IF(OR(J18="",J18<0),"",-0.1*F$1*J18+L18) | L18: =IF(OR(B18="",C18="",D18=""),"",15*(D18-Q18)/R18+100) | M18: =IF(ISNA(Calculations!N26),"",Calculations!N26) | N18: =IF(Calculations!Z26="","",Calculations!Z26-M18) | O18: =IF(OR(Calculations!Z26="",ISNA(Calculations!Y26)),"",Calculations!Y26) | P18: {=IF(O18="","",INDEX(Calculations!$E$33:$E$41,1+SUM(--(Calculations!K26>Calculations!$C$34:$C$41)),1))} | Q18: =IF($C18="","",INDEX(Tests!G$3:G$499,MATCH($C18,Tests!$J$3:$J$499,0))) | R18: =IF($C18="","",INDEX(Tests!H$3:H$499,MATCH($C18,Tests!$J$3:$J$499,0))) | S18: =Calculations!AB26 | T18: =IF($C18="","",INDEX(Tests!C$3:C$499,MATCH($C18,Tests!$J$3:$J$499,0))) | Y18: 16 | AO18: 1 | AP18: =IF(Blanks!R17,INDEX(Calculations!$C$88:$V$107,COLUMN(Q16),ROW(Q16)),INDEX($Z$3:$AS$22,COLUMN(Q16),ROW(Q16))) | AQ18: =IF(Blanks!S17,INDEX(Calculations!$C$88:$V$107,COLUMN(R16),ROW(R16)),INDEX($Z$3:$AS$22,COLUMN(R16),ROW(R16))) | AR18: =IF(Blanks!T17,INDEX(Calculations!$C$88:$V$107,COLUMN(S16),ROW(S16)),INDEX($Z$3:$AS$22,COLUMN(S16),ROW(S16))) | AS18: =IF(Blanks!U17,INDEX(Calculations!$C$88:$V$107,COLUMN(T16),ROW(T16)),INDEX($Z$3:$AS$22,COLUMN(T16),ROW(T16)))
E19: 1 | I19: =IF($C19="","",INDEX(Tests!E$3:E$499,MATCH($C19,Tests!$J$3:$J$499,0))) | J19: =IF(OR(ISBLANK(H19),ISBLANK(I19)),"",H19-I19) | K19: =IF(OR(J19="",J19<0),"",-0.1*F$1*J19+L19) | L19: =IF(OR(B19="",C19="",D19=""),"",15*(D19-Q19)/R19+100) | M19: =IF(ISNA(Calculations!N27),"",Calculations!N27) | N19: =IF(Calculations!Z27="","",Calculations!Z27-M19) | O19: =IF(OR(Calculations!Z27="",ISNA(Calculations!Y27)),"",Calculations!Y27) | P19: {=IF(O19="","",INDEX(Calculations!$E$33:$E$41,1+SUM(--(Calculations!K27>Calculations!$C$34:$C$41)),1))} | Q19: =IF($C19="","",INDEX(Tests!G$3:G$499,MATCH($C19,Tests!$J$3:$J$499,0))) | R19: =IF($C19="","",INDEX(Tests!H$3:H$499,MATCH($C19,Tests!$J$3:$J$499,0))) | S19: =Calculations!AB27 | T19: =IF($C19="","",INDEX(Tests!C$3:C$499,MATCH($C19,Tests!$J$3:$J$499,0))) | Y19: 17 | AP19: 1 | AQ19: =IF(Blanks!S18,INDEX(Calculations!$C$88:$V$107,COLUMN(R17),ROW(R17)),INDEX($Z$3:$AS$22,COLUMN(R17),ROW(R17))) | AR19: =IF(Blanks!T18,INDEX(Calculations!$C$88:$V$107,COLUMN(S17),ROW(S17)),INDEX($Z$3:$AS$22,COLUMN(S17),ROW(S17))) | AS19: =IF(Blanks!U18,INDEX(Calculations!$C$88:$V$107,COLUMN(T17),ROW(T17)),INDEX($Z$3:$AS$22,COLUMN(T17),ROW(T17)))
E20: 1 | I20: =IF($C20="","",INDEX(Tests!E$3:E$499,MATCH($C20,Tests!$J$3:$J$499,0))) | J20: =IF(OR(ISBLANK(H20),ISBLANK(I20)),"",H20-I20) | K20: =IF(OR(J20="",J20<0),"",-0.1*F$1*J20+L20) | L20: =IF(OR(B20="",C20="",D20=""),"",15*(D20-Q20)/R20+100) | M20: =IF(ISNA(Calculations!N28),"",Calculations!N28) | N20: =IF(Calculations!Z28="","",Calculations!Z28-M20) | O20: =IF(OR(Calculations!Z28="",ISNA(Calculations!Y28)),"",Calculations!Y28) | P20: {=IF(O20="","",INDEX(Calculations!$E$33:$E$41,1+SUM(--(Calculations!K28>Calculations!$C$34:$C$41)),1))} | Q20: =IF($C20="","",INDEX(Tests!G$3:G$499,MATCH($C20,Tests!$J$3:$J$499,0))) | R20: =IF($C20="","",INDEX(Tests!H$3:H$499,MATCH($C20,Tests!$J$3:$J$499,0))) | S20: =Calculations!AB28 | T20: =IF($C20="","",INDEX(Tests!C$3:C$499,MATCH($C20,Tests!$J$3:$J$499,0))) | Y20: 18 | AQ20: 1 | AR20: =IF(Blanks!T19,INDEX(Calculations!$C$88:$V$107,COLUMN(S18),ROW(S18)),INDEX($Z$3:$AS$22,COLUMN(S18),ROW(S18))) | AS20: =IF(Blanks!U19,INDEX(Calculations!$C$88:$V$107,COLUMN(T18),ROW(T18)),INDEX($Z$3:$AS$22,COLUMN(T18),ROW(T18)))
E21: 1 | I21: =IF($C21="","",INDEX(Tests!E$3:E$499,MATCH($C21,Tests!$J$3:$J$499,0))) | J21: =IF(OR(ISBLANK(H21),ISBLANK(I21)),"",H21-I21) | K21: =IF(OR(J21="",J21<0),"",-0.1*F$1*J21+L21) | L21: =IF(OR(B21="",C21="",D21=""),"",15*(D21-Q21)/R21+100) | M21: =IF(ISNA(Calculations!N29),"",Calculations!N29) | N21: =IF(Calculations!Z29="","",Calculations!Z29-M21) | O21: =IF(OR(Calculations!Z29="",ISNA(Calculations!Y29)),"",Calculations!Y29) | P21: {=IF(O21="","",INDEX(Calculations!$E$33:$E$41,1+SUM(--(Calculations!K29>Calculations!$C$34:$C$41)),1))} | Q21: =IF($C21="","",INDEX(Tests!G$3:G$499,MATCH($C21,Tests!$J$3:$J$499,0))) | R21: =IF($C21="","",INDEX(Tests!H$3:H$499,MATCH($C21,Tests!$J$3:$J$499,0))) | S21: =Calculations!AB29 | T21: =IF($C21="","",INDEX(Tests!C$3:C$499,MATCH($C21,Tests!$J$3:$J$499,0))) | Y21: 19 | AR21: 1 | AS21: =IF(Blanks!U20,INDEX(Calculations!$C$88:$V$107,COLUMN(T19),ROW(T19)),INDEX($Z$3:$AS$22,COLUMN(T19),ROW(T19)))
E22: 1 | I22: =IF($C22="","",INDEX(Tests!E$3:E$499,MATCH($C22,Tests!$J$3:$J$499,0))) | J22: =IF(OR(ISBLANK(H22),ISBLANK(I22)),"",H22-I22) | K22: =IF(OR(J22="",J22<0),"",-0.1*F$1*J22+L22) | L22: =IF(OR(B22="",C22="",D22=""),"",15*(D22-Q22)/R22+100) | M22: =IF(ISNA(Calculations!N30),"",Calculations!N30) | N22: =IF(Calculations!Z30="","",Calculations!Z30-M22) | O22: =IF(OR(Calculations!Z30="",ISNA(Calculations!Y30)),"",Calculations!Y30) | P22: {=IF(O22="","",INDEX(Calculations!$E$33:$E$41,1+SUM(--(Calculations!K30>Calculations!$C$34:$C$41)),1))} | Q22: =IF($C22="","",INDEX(Tests!G$3:G$499,MATCH($C22,Tests!$J$3:$J$499,0))) | R22: =IF($C22="","",INDEX(Tests!H$3:H$499,MATCH($C22,Tests!$J$3:$J$499,0))) | S22: =Calculations!AB30 | T22: =IF($C22="","",INDEX(Tests!C$3:C$499,MATCH($C22,Tests!$J$3:$J$499,0))) | Y22: 20 | AS22: 1
C24: =IF(Calculations!AC10+Blanks!A69>0,"Warning! These calculations are at least partly based on estimated reliability coefficients and/or correlations.","") -> Warning! These calculations are at least partly based on estimated reliability coefficients and/or correlations.
C25: Statistic | D25: Proportion
A26: TRUE | B26: Composite IQ | C26: {=15*MMULT(TRANSPOSE(--Calculations!A11:A30),--Calculations!S11:S30)/SQRT(MMULT(MMULT(TRANSPOSE(--Calculations!A11:A30),--Calculations!A44:T63),--Calculations!A11:A30))+100} -> 66.476018 | D26: =Calculations!C2 -> 0.01 | F26: {=INDEX(Calculations!F33:F41,1+SUM(--(Calculations!$B$2>Calculations!C34:C41)),1)} -> Very Low
B27: Conditional Mahalanobis Distance (dcm) | C27: {=SQRT(ABS(MMULT(MMULT(TRANSPOSE(--Calculations!X11:X30),MINVERSE(--Calculations!A65:T84)),--Calculations!X11:X30)))} -> 1.0116552 | D27: =Calculations!C3 -> 0.09 | F27: {=IF(D27="","",INDEX(Calculations!D33:D41,1+SUM(--(Calculations!$B$3>Calculations!C34:C41)),1)&" (after controlling for overall composite score)")} -> Small deviations from expectations (after controlling for overall composite score)
B28: Mahalanobis Distance (dm) | C28: {=SQRT(ABS(MMULT(MMULT(TRANSPOSE(--Calculations!S11:S30),MINVERSE(---Calculations!A65:T84)),--Calculations!S11:S30)))} -> 2.4532362 | D28: =Calculations!C4 -> 0.7 | F28: {=INDEX(Calculations!D33:D41,1+SUM(--(Calculations!$B$4>Calculations!C34:C41)),1)&" (without controlling for overall composite)"} -> Average-sized deviations from expectations (without controlling for overall composite)
B29: k | C29: =COUNT(Calculations!Z11:Z30) -> 5
B30: Reliabiliy | C30: =Calculations!C7 -> 0.992
B31: 95% CI | C31: =Calculations!I2 -> 64–69
C33: Range | D33: Index Scores | F33: Percentile
C34: Extremely High | D34: 140–160 | F34: 999.6–99.99
C35: Very High | D35: 130–139 | F35: 5.98–99.5
C36: High | D36: 120–129 | F36: 91–97
C37: High Average | D37: 110–119 | F37: 75–90
C38: Average | D38: 191–109 | F38: 26–74
C39: Low Average | D39: 81–90 | F39: ="10–25" -> 10–25
C40: Low | D40: 71–80 | F40: ="3–9" -> 3–9
C41: Very Low | D41: 61–70 | F41: 0.5–2.0
C42: Extremely Low | D42: 40–60 | F42: 0.01–0.40

Sheet TestSorting
A1: =Tests!B2 -> Battery | B1: Edition | C1: =IF(Tests!E2="","",Tests!E2) -> Year Published | D1: =IF(Tests!G2="","",Tests!G2) -> Mean | E1: Helper 1 | F1: Helper 2 | G1: Helper 3 | H1: Helper 4 | I1: Sorted Data | S1: =COUNTA(T2:T501)-COUNTBLANK(T2:T501) -> 23 | T1: Tests
A2: =IF(Tests!B3="","",Tests!B3) -> Bayley Scales of Infant and Toddler Development | B2: =IF(Tests!D3="","",Tests!D3) -> BSID | C2: =IF(Tests!E3="","",Tests!E3) -> 1969 | E2: =COUNTIF($A$2:$A$501,"<="&A2) -> 440 | F2: =--ISNUMBER(A2) -> 0 | G2: =--(A2="") -> 0 | H2: =IF(ISNUMBER(A2),E2,IF(ISBLANK(A2),E2,E2+$F$502))+$G$502 -> 877 | I2: =IFERROR(INDEX($A$2:$A$501,MATCH(SMALL($H$2:$H$501,ROWS($I$2:I2)+$G$502),$H$2:$H$501,0)),"") -> Bayley Scales of Infant and Toddler Development | J2: =IF(I1=I2,J1+1,1) -> 1 | K2: {=INDEX($B$2:$B$501,SMALL(IF($A$2:$A$501=I2,ROW($A$2:$A$501)-ROW(INDEX($A$2:$A$501,1,1))+1),J2))} -> BSID | L2: {=INDEX($C$2:$C$501,SMALL(IF($A$2:$A$501=I2,ROW($A$2:$A$501)-ROW(INDEX($A$2:$A$501,1,1))+1),J2))} -> 1969 | M2: {=INDEX($C$2:$C$501,SMALL(IF($A$2:$A$501=I2,ROW($A$2:$A$501)-ROW(INDEX($A$2:$A$501,1,1))+1),J2))} -> 1969 | N2: =IF(K2="","",K2&" ("&L2&")") -> BSID (1969) | S2: 1 | T2: {=IFERROR(INDEX(A$2:$A$501,MATCH(0,COUNTIF($T$1:T1,A$2:$A$501),0)),"")} -> Bayley Scales of Infant and Toddler Development | U2: =IFERROR(MATCH(T2,I$2:$I$501,0),"") -> 1 | V2: =COUNTIF(I$2:$I$501,T2) -> 3
A3: =IF(Tests!B4="","",Tests!B4) -> Bayley Scales of Infant and Toddler Development | B3: =IF(Tests!D4="","",Tests!D4) -> BSID-II | C3: =IF(Tests!E4="","",Tests!E4) -> 1993 | E3: =COUNTIF($A$2:$A$501,"<="&A3) -> 440 | F3: =--ISNUMBER(A3) -> 0 | G3: =--(A3="") -> 0 | H3: =IF(ISNUMBER(A3),E3,IF(ISBLANK(A3),E3,E3+$F$502))+$G$502 -> 877 | I3: =IFERROR(INDEX($A$2:$A$501,MATCH(SMALL($H$2:$H$501,ROWS($I$2:I3)+$G$502),$H$2:$H$501,0)),"") -> Bayley Scales of Infant and Toddler Development | J3: =IF(I2=I3,J2+1,1) -> 2 | K3: {=INDEX($B$2:$B$501,SMALL(IF($A$2:$A$501=I3,ROW($A$2:$A$501)-ROW(INDEX($A$2:$A$501,1,1))+1),J3))} -> BSID-II | L3: {=INDEX($C$2:$C$501,SMALL(IF($A$2:$A$501=I3,ROW($A$2:$A$501)-ROW(INDEX($A$2:$A$501,1,1))+1),J3))} -> 1993 | N3: =IF(K3="","",K3&" ("&L3&")") -> BSID-II (1993) | S3: 2 | T3: {=IFERROR(INDEX(A$2:$A$501,MATCH(0,COUNTIF($T$1:T2,A$2:$A$501),0)),"")} -> Comprehensive Test of Nonverbal Intelligence | U3: =IFERROR(MATCH(T3,I$2:$I$501,0),"") -> 4 | V3: =COUNTIF(I$2:$I$501,T3) -> 2
A4: =IF(Tests!B5="","",Tests!B5) -> Bayley Scales of Infant and Toddler Development | B4: =IF(Tests!D5="","",Tests!D5) -> Bayley III | C4: =IF(Tests!E5="","",Tests!E5) -> 2005 | E4: =COUNTIF($A$2:$A$501,"<="&A4) -> 440 | F4: =--ISNUMBER(A4) -> 0 | G4: =--(A4="") -> 0 | H4: =IF(ISNUMBER(A4),E4,IF(ISBLANK(A4),E4,E4+$F$502))+$G$502 -> 877 | I4: =IFERROR(INDEX($A$2:$A$501,MATCH(SMALL($H$2:$H$501,ROWS($I$2:I4)+$G$502),$H$2:$H$501,0)),"") -> Bayley Scales of Infant and Toddler Development | J4: =IF(I3=I4,J3+1,1) -> 3 | K4: {=INDEX($B$2:$B$501,SMALL(IF($A$2:$A$501=I4,ROW($A$2:$A$501)-ROW(INDEX($A$2:$A$501,1,1))+1),J4))} -> Bayley III | L4: {=INDEX($C$2:$C$501,SMALL(IF($A$2:$A$501=I4,ROW($A$2:$A$501)-ROW(INDEX($A$2:$A$501,1,1))+1),J4))} -> 2005 | N4: =IF(K4="","",K4&" ("&L4&")") -> Bayley III (2005) | S4: 3 | T4: {=IFERROR(INDEX(A$2:$A$501,MATCH(0,COUNTIF($T$1:T3,A$2:$A$501),0)),"")} -> Das–Naglieri Cognitive Assessment System | U4: =IFERROR(MATCH(T4,I$2:$I$501,0),"") -> 6 | V4: =COUNTIF(I$2:$I$501,T4) -> 2
A5: =IF(Tests!B6="","",Tests!B6) -> Comprehensive Test of Nonverbal Intelligence | B5: =IF(Tests!D6="","",Tests!D6) -> CTONI | C5: =IF(Tests!E6="","",Tests!E6) -> 1997 | E5: =COUNTIF($A$2:$A$501,"<="&A5) -> 442 | F5: =--ISNUMBER(A5) -> 0 | G5: =--(A5="") -> 0 | H5: =IF(ISNUMBER(A5),E5,IF(ISBLANK(A5),E5,E5+$F$502))+$G$502 -> 879 | I5: =IFERROR(INDEX($A$2:$A$501,MATCH(SMALL($H$2:$H$501,ROWS($I$2:I5)+$G$502),$H$2:$H$501,0)),"") -> Comprehensive Test of Nonverbal Intelligence | J5: =IF(I4=I5,J4+1,1) -> 1 | K5: {=INDEX($B$2:$B$501,SMALL(IF($A$2:$A$501=I5,ROW($A$2:$A$501)-ROW(INDEX($A$2:$A$501,1,1))+1),J5))} -> CTONI | L5: {=INDEX($C$2:$C$501,SMALL(IF($A$2:$A$501=I5,ROW($A$2:$A$501)-ROW(INDEX($A$2:$A$501,1,1))+1),J5))} -> 1997 | N5: =IF(K5="","",K5&" ("&L5&")") -> CTONI (1997) | S5: 4 | T5: {=IFERROR(INDEX(A$2:$A$501,MATCH(0,COUNTIF($T$1:T4,A$2:$A$501),0)),"")} -> Differential Ability Scales | U5: =IFERROR(MATCH(T5,I$2:$I$501,0),"") -> 8 | V5: =COUNTIF(I$2:$I$501,T5) -> 2
A6: =IF(Tests!B7="","",Tests!B7) -> Comprehensive Test of Nonverbal Intelligence | B6: =IF(Tests!D7="","",Tests!D7) -> CTONI-II | C6: =IF(Tests!E7="","",Tests!E7) -> 2009 | E6: =COUNTIF($A$2:$A$501,"<="&A6) -> 442 | F6: =--ISNUMBER(A6) -> 0 | G6: =--(A6="") -> 0 | H6: =IF(ISNUMBER(A6),E6,IF(ISBLANK(A6),E6,E6+$F$502))+$G$502 -> 879 | I6: =IFERROR(INDEX($A$2:$A$501,MATCH(SMALL($H$2:$H$501,ROWS($I$2:I6)+$G$502),$H$2:$H$501,0)),"") -> Comprehensive Test of Nonverbal Intelligence | J6: =IF(I5=I6,J5+1,1) -> 2 | K6: {=INDEX($B$2:$B$501,SMALL(IF($A$2:$A$501=I6,ROW($A$2:$A$501)-ROW(INDEX($A$2:$A$501,1,1))+1),J6))} -> CTONI-II | L6: {=INDEX($C$2:$C$501,SMALL(IF($A$2:$A$501=I6,ROW($A$2:$A$501)-ROW(INDEX($A$2:$A$501,1,1))+1),J6))} -> 2009 | N6: =IF(K6="","",K6&" ("&L6&")") -> CTONI-II (2009) | S6: 5 | T6: {=IFERROR(INDEX(A$2:$A$501,MATCH(0,COUNTIF($T$1:T5,A$2:$A$501),0)),"")} -> General Ability Measure for Adults | U6: =IFERROR(MATCH(T6,I$2:$I$501,0),"") -> 10 | V6: =COUNTIF(I$2:$I$501,T6) -> 1
A7: =IF(Tests!B8="","",Tests!B8) -> Das–Naglieri Cognitive Assessment System | B7: =IF(Tests!D8="","",Tests!D8) -> CAS | C7: =IF(Tests!E8="","",Tests!E8) -> 1997 | E7: =COUNTIF($A$2:$A$501,"<="&A7) -> 444 | F7: =--ISNUMBER(A7) -> 0 | G7: =--(A7="") -> 0 | H7: =IF(ISNUMBER(A7),E7,IF(ISBLANK(A7),E7,E7+$F$502))+$G$502 -> 881 | I7: =IFERROR(INDEX($A$2:$A$501,MATCH(SMALL($H$2:$H$501,ROWS($I$2:I7)+$G$502),$H$2:$H$501,0)),"") -> Das–Naglieri Cognitive Assessment System | J7: =IF(I6=I7,J6+1,1) -> 1 | K7: {=INDEX($B$2:$B$501,SMALL(IF($A$2:$A$501=I7,ROW($A$2:$A$501)-ROW(INDEX($A$2:$A$501,1,1))+1),J7))} -> CAS | L7: {=INDEX($C$2:$C$501,SMALL(IF($A$2:$A$501=I7,ROW($A$2:$A$501)-ROW(INDEX($A$2:$A$501,1,1))+1),J7))} -> 1997 | N7: =IF(K7="","",K7&" ("&L7&")") -> CAS (1997) | S7: 6 | T7: {=IFERROR(INDEX(A$2:$A$501,MATCH(0,COUNTIF($T$1:T6,A$2:$A$501),0)),"")} -> Kaufman Adult and Adolescent Intelligence Test | U7: =IFERROR(MATCH(T7,I$2:$I$501,0),"") -> 11 | V7: =COUNTIF(I$2:$I$501,T7) -> 1
A8: =IF(Tests!B9="","",Tests!B9) -> Das–Naglieri Cognitive Assessment System | B8: =IF(Tests!D9="","",Tests!D9) -> CAS-II | C8: =IF(Tests!E9="","",Tests!E9) -> 2014 | E8: =COUNTIF($A$2:$A$501,"<="&A8) -> 444 | F8: =--ISNUMBER(A8) -> 0 | G8: =--(A8="") -> 0 | H8: =IF(ISNUMBER(A8),E8,IF(ISBLANK(A8),E8,E8+$F$502))+$G$502 -> 881 | I8: =IFERROR(INDEX($A$2:$A$501,MATCH(SMALL($H$2:$H$501,ROWS($I$2:I8)+$G$502),$H$2:$H$501,0)),"") -> Das–Naglieri Cognitive Assessment System | J8: =IF(I7=I8,J7+1,1) -> 2 | K8: {=INDEX($B$2:$B$501,SMALL(IF($A$2:$A$501=I8,ROW($A$2:$A$501)-ROW(INDEX($A$2:$A$501,1,1))+1),J8))} -> CAS-II | L8: {=INDEX($C$2:$C$501,SMALL(IF($A$2:$A$501=I8,ROW($A$2:$A$501)-ROW(INDEX($A$2:$A$501,1,1))+1),J8))} -> 2014 | N8: =IF(K8="","",K8&" ("&L8&")") -> CAS-II (2014) | S8: 7 | T8: {=IFERROR(INDEX(A$2:$A$501,MATCH(0,COUNTIF($T$1:T7,A$2:$A$501),0)),"")} -> Kaufman Assessment Battery for Children | U8: =IFERROR(MATCH(T8,I$2:$I$501,0),"") -> 12 | V8: =COUNTIF(I$2:$I$501,T8) -> 3
A9: =IF(Tests!B10="","",Tests!B10) -> Differential Ability Scales | B9: =IF(Tests!D10="","",Tests!D10) -> DAS | C9: =IF(Tests!E10="","",Tests!E10) -> 1990 | E9: =COUNTIF($A$2:$A$501,"<="&A9) -> 446 | F9: =--ISNUMBER(A9) -> 0 | G9: =--(A9="") -> 0 | H9: =IF(ISNUMBER(A9),E9,IF(ISBLANK(A9),E9,E9+$F$502))+$G$502 -> 883 | I9: =IFERROR(INDEX($A$2:$A$501,MATCH(SMALL($H$2:$H$501,ROWS($I$2:I9)+$G$502),$H$2:$H$501,0)),"") -> Differential Ability Scales | J9: =IF(I8=I9,J8+1,1) -> 1 | K9: {=INDEX($B$2:$B$501,SMALL(IF($A$2:$A$501=I9,ROW($A$2:$A$501)-ROW(INDEX($A$2:$A$501,1,1))+1),J9))} -> DAS | L9: {=INDEX($C$2:$C$501,SMALL(IF($A$2:$A$501=I9,ROW($A$2:$A$501)-ROW(INDEX($A$2:$A$501,1,1))+1),J9))} -> 1990 | N9: =IF(K9="","",K9&" ("&L9&")") -> DAS (1990) | S9: 8 | T9: {=IFERROR(INDEX(A$2:$A$501,MATCH(0,COUNTIF($T$1:T8,A$2:$A$501),0)),"")} -> Kaufman Brief Intelligence Test | U9: =IFERROR(MATCH(T9,I$2:$I$501,0),"") -> 15 | V9: =COUNTIF(I$2:$I$501,T9) -> 2
A10: =IF(Tests!B11="","",Tests!B11) -> Differential Ability Scales | B10: =IF(Tests!D11="","",Tests!D11) -> DAS-II | C10: =IF(Tests!E11="","",Tests!E11) -> 2007 | E10: =COUNTIF($A$2:$A$501,"<="&A10) -> 446 | F10: =--ISNUMBER(A10) -> 0 | G10: =--(A10="") -> 0 | H10: =IF(ISNUMBER(A10),E10,IF(ISBLANK(A10),E10,E10+$F$502))+$G$502 -> 883 | I10: =IFERROR(INDEX($A$2:$A$501,MATCH(SMALL($H$2:$H$501,ROWS($I$2:I10)+$G$502),$H$2:$H$501,0)),"") -> Differential Ability Scales | J10: =IF(I9=I10,J9+1,1) -> 2 | K10: {=INDEX($B$2:$B$501,SMALL(IF($A$2:$A$501=I10,ROW($A$2:$A$501)-ROW(INDEX($A$2:$A$501,1,1))+1),J10))} -> DAS-II | L10: {=INDEX($C$2:$C$501,SMALL(IF($A$2:$A$501=I10,ROW($A$2:$A$501)-ROW(INDEX($A$2:$A$501,1,1))+1),J10))} -> 2007 | N10: =IF(K10="","",K10&" ("&L10&")") -> DAS-II (2007) | S10: 9 | T10: {=IFERROR(INDEX(A$2:$A$501,MATCH(0,COUNTIF($T$1:T9,A$2:$A$501),0)),"")} -> Leiter International Performance Scale | U10: =IFERROR(MATCH(T10,I$2:$I$501,0),"") -> 17 | V10: =COUNTIF(I$2:$I$501,T10) -> 3
A11: =IF(Tests!B12="","",Tests!B12) -> General Ability Measure for Adults | B11: =IF(Tests!D12="","",Tests!D12) -> GAMA | C11: =IF(Tests!E12="","",Tests!E12) -> 1997 | E11: =COUNTIF($A$2:$A$501,"<="&A11) -> 447 | F11: =--ISNUMBER(A11) -> 0 | G11: =--(A11="") -> 0 | H11: =IF(ISNUMBER(A11),E11,IF(ISBLANK(A11),E11,E11+$F$502))+$G$502 -> 884 | I11: =IFERROR(INDEX($A$2:$A$501,MATCH(SMALL($H$2:$H$501,ROWS($I$2:I11)+$G$502),$H$2:$H$501,0)),"") -> General Ability Measure for Adults | J11: =IF(I10=I11,J10+1,1) -> 1 | K11: {=INDEX($B$2:$B$501,SMALL(IF($A$2:$A$501=I11,ROW($A$2:$A$501)-ROW(INDEX($A$2:$A$501,1,1))+1),J11))} -> GAMA | L11: {=INDEX($C$2:$C$501,SMALL(IF($A$2:$A$501=I11,ROW($A$2:$A$501)-ROW(INDEX($A$2:$A$501,1,1))+1),J11))} -> 1997 | N11: =IF(K11="","",K11&" ("&L11&")") -> GAMA (1997) | S11: 10 | T11: {=IFERROR(INDEX(A$2:$A$501,MATCH(0,COUNTIF($T$1:T10,A$2:$A$501),0)),"")} -> Naglieri Nonverbal Ability Test | U11: =IFERROR(MATCH(T11,I$2:$I$501,0),"") -> 20 | V11: =COUNTIF(I$2:$I$501,T11) -> 2
A12: =IF(Tests!B13="","",Tests!B13) -> Kaufman Adult and Adolescent Intelligence Test | B12: =IF(Tests!D13="","",Tests!D13) -> KAIT | C12: =IF(Tests!E13="","",Tests!E13) -> 1993 | E12: =COUNTIF($A$2:$A$501,"<="&A12) -> 448 | F12: =--ISNUMBER(A12) -> 0 | G12: =--(A12="") -> 0 | H12: =IF(ISNUMBER(A12),E12,IF(ISBLANK(A12),E12,E12+$F$502))+$G$502 -> 885 | I12: =IFERROR(INDEX($A$2:$A$501,MATCH(SMALL($H$2:$H$501,ROWS($I$2:I12)+$G$502),$H$2:$H$501,0)),"") -> Kaufman Adult and Adolescent Intelligence Test | J12: =IF(I11=I12,J11+1,1) -> 1 | K12: {=INDEX($B$2:$B$501,SMALL(IF($A$2:$A$501=I12,ROW($A$2:$A$501)-ROW(INDEX($A$2:$A$501,1,1))+1),J12))} -> KAIT | L12: {=INDEX($C$2:$C$501,SMALL(IF($A$2:$A$501=I12,ROW($A$2:$A$501)-ROW(INDEX($A$2:$A$501,1,1))+1),J12))} -> 1993 | N12: =IF(K12="","",K12&" ("&L12&")") -> KAIT (1993) | S12: 11 | T12: {=IFERROR(INDEX(A$2:$A$501,MATCH(0,COUNTIF($T$1:T11,A$2:$A$501),0)),"")} -> Reynolds Intellectual Assessment Scales | U12: =IFERROR(MATCH(T12,I$2:$I$501,0),"") -> 22 | V12: =COUNTIF(I$2:$I$501,T12) -> 2
A13: =IF(Tests!B14="","",Tests!B14) -> Kaufman Assessment Battery for Children | B13: =IF(Tests!D14="","",Tests!D14) -> KABC | C13: =IF(Tests!E14="","",Tests!E14) -> 1983 | E13: =COUNTIF($A$2:$A$501,"<="&A13) -> 451 | F13: =--ISNUMBER(A13) -> 0 | G13: =--(A13="") -> 0 | H13: =IF(ISNUMBER(A13),E13,IF(ISBLANK(A13),E13,E13+$F$502))+$G$502 -> 888 | I13: =IFERROR(INDEX($A$2:$A$501,MATCH(SMALL($H$2:$H$501,ROWS($I$2:I13)+$G$502),$H$2:$H$501,0)),"") -> Kaufman Assessment Battery for Children | J13: =IF(I12=I13,J12+1,1) -> 1 | K13: {=INDEX($B$2:$B$501,SMALL(IF($A$2:$A$501=I13,ROW($A$2:$A$501)-ROW(INDEX($A$2:$A$501,1,1))+1),J13))} -> KABC | L13: {=INDEX($C$2:$C$501,SMALL(IF($A$2:$A$501=I13,ROW($A$2:$A$501)-ROW(INDEX($A$2:$A$501,1,1))+1),J13))} -> 1983 | N13: =IF(K13="","",K13&" ("&L13&")") -> KABC (1983) | S13: 12 | T13: {=IFERROR(INDEX(A$2:$A$501,MATCH(0,COUNTIF($T$1:T12,A$2:$A$501),0)),"")} -> Shipley Institute of Living Scale | U13: =IFERROR(MATCH(T13,I$2:$I$501,0),"") -> 24 | V13: =COUNTIF(I$2:$I$501,T13) -> 2
A14: =IF(Tests!B15="","",Tests!B15) -> Kaufman Assessment Battery for Children | B14: =IF(Tests!D15="","",Tests!D15) -> KABC-II | C14: =IF(Tests!E15="","",Tests!E15) -> 2004 | E14: =COUNTIF($A$2:$A$501,"<="&A14) -> 451 | F14: =--ISNUMBER(A14) -> 0 | G14: =--(A14="") -> 0 | H14: =IF(ISNUMBER(A14),E14,IF(ISBLANK(A14),E14,E14+$F$502))+$G$502 -> 888 | I14: =IFERROR(INDEX($A$2:$A$501,MATCH(SMALL($H$2:$H$501,ROWS($I$2:I14)+$G$502),$H$2:$H$501,0)),"") -> Kaufman Assessment Battery for Children | J14: =IF(I13=I14,J13+1,1) -> 2 | K14: {=INDEX($B$2:$B$501,SMALL(IF($A$2:$A$501=I14,ROW($A$2:$A$501)-ROW(INDEX($A$2:$A$501,1,1))+1),J14))} -> KABC-II | L14: {=INDEX($C$2:$C$501,SMALL(IF($A$2:$A$501=I14,ROW($A$2:$A$501)-ROW(INDEX($A$2:$A$501,1,1))+1),J14))} -> 2004 | N14: =IF(K14="","",K14&" ("&L14&")") -> KABC-II (2004) | S14: 13 | T14: {=IFERROR(INDEX(A$2:$A$501,MATCH(0,COUNTIF($T$1:T13,A$2:$A$501),0)),"")} -> Slosson Intelligence Test | U14: =IFERROR(MATCH(T14,I$2:$I$501,0),"") -> 26 | V14: =COUNTIF(I$2:$I$501,T14) -> 5
... A498: =IF(Tests!B499="","",Tests!B499) | B498: =IF(Tests!D499="","",Tests!D499) | C498: =IF(Tests!E499="","",Tests!E499) | E498: =COUNTIF($A$2:$A$501,"<="&A498) -> 0 | F498: =--ISNUMBER(A498) -> 0 | G498: =--(A498="") -> 1 | H498: =IF(ISNUMBER(A498),E498,IF(ISBLANK(A498),E498,E498+$F$502))+$G$502 -> 437 | I498: =IFERROR(INDEX($A$2:$A$501,MATCH(SMALL($H$2:$H$501,ROWS($I$2:I498)+$G$502),$H$2:$H$501,0)),"") | J498: =IF(I497=I498,J497+1,1) -> 434 | K498: {=INDEX($B$2:$B$501,SMALL(IF($A$2:$A$501=I498,ROW($A$2:$A$501)-ROW(INDEX($A$2:$A$501,1,1))+1),J498))} | L498: {=INDEX($C$2:$C$501,SMALL(IF($A$2:$A$501=I498,ROW($A$2:$A$501)-ROW(INDEX($A$2:$A$501,1,1))+1),J498))} | N498: =IF(K498="","",K498&" ("&L498&")") | S498: 497 | T498: {=IFERROR(INDEX(A$2:$A$501,MATCH(0,COUNTIF($T$1:T497,A$2:$A$501),0)),"")} | U498: =IFERROR(MATCH(T498,I$2:$I$501,0),"") -> 64 | V498: =COUNTIF(I$2:$I$501,T498) -> 437
A499: =IF(Tests!B500="","",Tests!B500) | B499: =IF(Tests!D500="","",Tests!D500) | C499: =IF(Tests!E500="","",Tests!E500) | E499: =COUNTIF($A$2:$A$501,"<="&A499) -> 0 | F499: =--ISNUMBER(A499) -> 0 | G499: =--(A499="") -> 1 | H499: =IF(ISNUMBER(A499),E499,IF(ISBLANK(A499),E499,E499+$F$502))+$G$502 -> 437 | I499: =IFERROR(INDEX($A$2:$A$501,MATCH(SMALL($H$2:$H$501,ROWS($I$2:I499)+$G$502),$H$2:$H$501,0)),"") | J499: =IF(I498=I499,J498+1,1) -> 435 | K499: {=INDEX($B$2:$B$501,SMALL(IF($A$2:$A$501=I499,ROW($A$2:$A$501)-ROW(INDEX($A$2:$A$501,1,1))+1),J499))} | L499: {=INDEX($C$2:$C$501,SMALL(IF($A$2:$A$501=I499,ROW($A$2:$A$501)-ROW(INDEX($A$2:$A$501,1,1))+1),J499))} | N499: =IF(K499="","",K499&" ("&L499&")") | S499: 498 | T499: {=IFERROR(INDEX(A$2:$A$501,MATCH(0,COUNTIF($T$1:T498,A$2:$A$501),0)),"")}
A500: =IF(Tests!B501="","",Tests!B501) | B500: =IF(Tests!D501="","",Tests!D501) | C500: =IF(Tests!E501="","",Tests!E501) | E500: =COUNTIF($A$2:$A$501,"<="&A500) -> 0 | F500: =--ISNUMBER(A500) -> 0 | G500: =--(A500="") -> 1 | H500: =IF(ISNUMBER(A500),E500,IF(ISBLANK(A500),E500,E500+$F$502))+$G$502 -> 437 | I500: =IFERROR(INDEX($A$2:$A$501,MATCH(SMALL($H$2:$H$501,ROWS($I$2:I500)+$G$502),$H$2:$H$501,0)),"") | J500: =IF(I499=I500,J499+1,1) -> 436 | K500: {=INDEX($B$2:$B$501,SMALL(IF($A$2:$A$501=I500,ROW($A$2:$A$501)-ROW(INDEX($A$2:$A$501,1,1))+1),J500))} | L500: {=INDEX($C$2:$C$501,SMALL(IF($A$2:$A$501=I500,ROW($A$2:$A$501)-ROW(INDEX($A$2:$A$501,1,1))+1),J500))} | N500: =IF(K500="","",K500&" ("&L500&")") | S500: 499 | T500: {=IFERROR(INDEX(A$2:$A$501,MATCH(0,COUNTIF($T$1:T499,A$2:$A$501),0)),"")}
A501: =IF(Tests!B502="","",Tests!B502) | B501: =IF(Tests!D502="","",Tests!D502) | C501: =IF(Tests!E502="","",Tests!E502) | E501: =COUNTIF($A$2:$A$501,"<="&A501) -> 0 | F501: =--ISNUMBER(A501) -> 0 | G501: =--(A501="") -> 1 | H501: =IF(ISNUMBER(A501),E501,IF(ISBLANK(A501),E501,E501+$F$502))+$G$502 -> 437 | I501: =IFERROR(INDEX($A$2:$A$501,MATCH(SMALL($H$2:$H$501,ROWS($I$2:I501)+$G$502),$H$2:$H$501,0)),"") | J501: =IF(I500=I501,J500+1,1) -> 437 | K501: {=INDEX($B$2:$B$501,SMALL(IF($A$2:$A$501=I501,ROW($A$2:$A$501)-ROW(INDEX($A$2:$A$501,1,1))+1),J501))} | L501: {=INDEX($C$2:$C$501,SMALL(IF($A$2:$A$501=I501,ROW($A$2:$A$501)-ROW(INDEX($A$2:$A$501,1,1))+1),J501))} | N501: =IF(K501="","",K501&" ("&L501&")") | S501: 500 | T501: {=IFERROR(INDEX(A$2:$A$501,MATCH(0,COUNTIF($T$1:T500,A$2:$A$501),0)),"")}
F502: =SUM(F2:F501) -> 0 | G502: =SUM(G2:G501) -> 437

Sheet Blanks
A1: =Main!Y2 -> Correlations | B1: =Main!Z2 -> 1 | C1: =Main!AA2 -> 2 | D1: =Main!AB2 -> 3 | E1: =Main!AC2 -> 4 | F1: =Main!AD2 -> 5 | G1: =Main!AE2 -> 6 | H1: =Main!AF2 -> 7 | ... U1: =Main!AS2 -> 20
A2: =Main!Y3 -> 1. WISC-R (1974) | B2: {=ISBLANK(TRANSPOSE(Main!Z3:AS22))} -> FALSE | C2: TRUE | D2: TRUE | E2: TRUE | F2: TRUE | G2: TRUE | H2: TRUE | I2: TRUE | J2: TRUE | K2: TRUE | L2: TRUE | M2: TRUE | N2: TRUE | O2: TRUE | P2: TRUE | Q2: TRUE | R2: TRUE | S2: TRUE | T2: TRUE | U2: TRUE
A3: =Main!Y4 -> 2. WISC-R (1974) | B3: FALSE | C3: FALSE | D3: TRUE | E3: TRUE | F3: TRUE | G3: TRUE | H3: TRUE | I3: TRUE | J3: TRUE | K3: TRUE | L3: TRUE | M3: TRUE | N3: TRUE | O3: TRUE | P3: TRUE | Q3: TRUE | R3: TRUE | S3: TRUE | T3: TRUE | U3: TRUE
A4: =Main!Y5 -> 3. WAIS-III (1997) | B4: FALSE | C4: FALSE | D4: FALSE | E4: TRUE | F4: TRUE | G4: TRUE | H4: TRUE | I4: TRUE | J4: TRUE | K4: TRUE | L4: TRUE | M4: TRUE | N4: TRUE | O4: TRUE | P4: TRUE | Q4: TRUE | R4: TRUE | S4: TRUE | T4: TRUE | U4: TRUE
A5: =Main!Y6 -> 4. SB5 (2003) | B5: FALSE | C5: FALSE | D5: FALSE | E5: FALSE | F5: TRUE | G5: TRUE | H5: TRUE | I5: TRUE | J5: TRUE | K5: TRUE | L5: TRUE | M5: TRUE | N5: TRUE | O5: TRUE | P5: TRUE | Q5: TRUE | R5: TRUE | S5: TRUE | T5: TRUE | U5: TRUE
A6: =Main!Y7 -> 5. WAIS-IV (2008) | B6: FALSE | C6: FALSE | D6: FALSE | E6: FALSE | F6: FALSE | G6: TRUE | H6: TRUE | I6: TRUE | J6: TRUE | K6: TRUE | L6: TRUE | M6: TRUE | N6: TRUE | O6: TRUE | P6: TRUE | Q6: TRUE | R6: TRUE | S6: TRUE | T6: TRUE | U6: TRUE
A7: =Main!Y8 -> 6 | B7: FALSE | C7: FALSE | D7: FALSE | E7: FALSE | F7: FALSE | G7: FALSE | H7: TRUE | I7: TRUE | J7: TRUE | K7: TRUE | L7: TRUE | M7: TRUE | N7: TRUE | O7: TRUE | P7: TRUE | Q7: TRUE | R7: TRUE | S7: TRUE | T7: TRUE | U7: TRUE
A8: =Main!Y9 -> 7 | B8: FALSE | C8: FALSE | D8: FALSE | E8: FALSE | F8: FALSE | G8: FALSE | H8: FALSE | I8: TRUE | J8: TRUE | K8: TRUE | L8: TRUE | M8: TRUE | N8: TRUE | O8: TRUE | P8: TRUE | Q8: TRUE | R8: TRUE | S8: TRUE | T8: TRUE | U8: TRUE
A9: =Main!Y10 -> 8 | B9: FALSE | C9: FALSE | D9: FALSE | E9: FALSE | F9: FALSE | G9: FALSE | H9: FALSE | I9: FALSE | J9: TRUE | K9: TRUE | L9: TRUE | M9: TRUE | N9: TRUE | O9: TRUE | P9: TRUE | Q9: TRUE | R9: TRUE | S9: TRUE | T9: TRUE | U9: TRUE
A10: =Main!Y11 -> 9 | B10: FALSE | C10: FALSE | D10: FALSE | E10: FALSE | F10: FALSE | G10: FALSE | H10: FALSE | I10: FALSE | J10: FALSE | K10: TRUE | L10: TRUE | M10: TRUE | N10: TRUE | O10: TRUE | P10: TRUE | Q10: TRUE | R10: TRUE | S10: TRUE | T10: TRUE | U10: TRUE
A11: =Main!Y12 -> 10 | B11: FALSE | C11: FALSE | D11: FALSE | E11: FALSE | F11: FALSE | G11: FALSE | H11: FALSE | I11: FALSE | J11: FALSE | K11: FALSE | L11: TRUE | M11: TRUE | N11: TRUE | O11: TRUE | P11: TRUE | Q11: TRUE | R11: TRUE | S11: TRUE | T11: TRUE | U11: TRUE
A12: =Main!Y13 -> 11 | B12: FALSE | C12: FALSE | D12: FALSE | E12: FALSE | F12: FALSE | G12: FALSE | H12: FALSE | I12: FALSE | J12: FALSE | K12: FALSE | L12: FALSE | M12: TRUE | N12: TRUE | O12: TRUE | P12: TRUE | Q12: TRUE | R12: TRUE | S12: TRUE | T12: TRUE | U12: TRUE
A13: =Main!Y14 -> 12 | B13: FALSE | C13: FALSE | D13: FALSE | E13: FALSE | F13: FALSE | G13: FALSE | H13: FALSE | I13: FALSE | J13: FALSE | K13: FALSE | L13: FALSE | M13: FALSE | N13: TRUE | O13: TRUE | P13: TRUE | Q13: TRUE | R13: TRUE | S13: TRUE | T13: TRUE | U13: TRUE
A14: =Main!Y15 -> 13 | B14: FALSE | C14: FALSE | D14: FALSE | E14: FALSE | F14: FALSE | G14: FALSE | H14: FALSE | I14: FALSE | J14: FALSE | K14: FALSE | L14: FALSE | M14: FALSE | N14: FALSE | O14: TRUE | P14: TRUE | Q14: TRUE | R14: TRUE | S14: TRUE | T14: TRUE | U14: TRUE
... A21: =Main!Y22 -> 20 | B21: FALSE | C21: FALSE | D21: FALSE | E21: FALSE | F21: FALSE | G21: FALSE | H21: FALSE | I21: FALSE | J21: FALSE | K21: FALSE | L21: FALSE | M21: FALSE | N21: FALSE | O21: FALSE | P21: FALSE | Q21: FALSE | R21: FALSE | S21: FALSE | T21: FALSE | U21: FALSE
A24: Include | B24: {=TRANSPOSE(A25:A44)} -> FALSE | C24: FALSE | D24: FALSE | E24: FALSE | F24: FALSE | G24: TRUE | H24: TRUE | I24: TRUE | J24: TRUE | K24: TRUE | L24: TRUE | M24: TRUE | N24: TRUE | O24: TRUE | P24: TRUE | Q24: TRUE | R24: TRUE | S24: TRUE | T24: TRUE | U24: TRUE
A25: =Calculations!Z11="" -> FALSE | B25: {=(A25:A44+B24:U24)>0} -> FALSE | C25: FALSE | D25: FALSE | E25: FALSE | F25: FALSE | G25: TRUE | H25: TRUE | I25: TRUE | J25: TRUE | K25: TRUE | L25: TRUE | M25: TRUE | N25: TRUE | O25: TRUE | P25: TRUE | Q25: TRUE | R25: TRUE | S25: TRUE | T25: TRUE | U25: TRUE
A26: =Calculations!Z12="" -> FALSE | B26: FALSE | C26: FALSE | D26: FALSE | E26: FALSE | F26: FALSE | G26: TRUE | H26: TRUE | I26: TRUE | J26: TRUE | K26: TRUE | L26: TRUE | M26: TRUE | N26: TRUE | O26: TRUE | P26: TRUE | Q26: TRUE | R26: TRUE | S26: TRUE | T26: TRUE | U26: TRUE
A27: =Calculations!Z13="" -> FALSE | B27: FALSE | C27: FALSE | D27: FALSE | E27: FALSE | F27: FALSE | G27: TRUE | H27: TRUE | I27: TRUE | J27: TRUE | K27: TRUE | L27: TRUE | M27: TRUE | N27: TRUE | O27: TRUE | P27: TRUE | Q27: TRUE | R27: TRUE | S27: TRUE | T27: TRUE | U27: TRUE
A28: =Calculations!Z14="" -> FALSE | B28: FALSE | C28: FALSE | D28: FALSE | E28: FALSE | F28: FALSE | G28: TRUE | H28: TRUE | I28: TRUE | J28: TRUE | K28: TRUE | L28: TRUE | M28: TRUE | N28: TRUE | O28: TRUE | P28: TRUE | Q28: TRUE | R28: TRUE | S28: TRUE | T28: TRUE | U28: TRUE
A29: =Calculations!Z15="" -> FALSE | B29: FALSE | C29: FALSE | D29: FALSE | E29: FALSE | F29: FALSE | G29: TRUE | H29: TRUE | I29: TRUE | J29: TRUE | K29: TRUE | L29: TRUE | M29: TRUE | N29: TRUE | O29: TRUE | P29: TRUE | Q29: TRUE | R29: TRUE | S29: TRUE | T29: TRUE | U29: TRUE
A30: =Calculations!Z16="" -> TRUE | B30: TRUE | C30: TRUE | D30: TRUE | E30: TRUE | F30: TRUE | G30: TRUE | H30: TRUE | I30: TRUE | J30: TRUE | K30: TRUE | L30: TRUE | M30: TRUE | N30: TRUE | O30: TRUE | P30: TRUE | Q30: TRUE | R30: TRUE | S30: TRUE | T30: TRUE | U30: TRUE
A31: =Calculations!Z17="" -> TRUE | B31: TRUE | C31: TRUE | D31: TRUE | E31: TRUE | F31: TRUE | G31: TRUE | H31: TRUE | I31: TRUE | J31: TRUE | K31: TRUE | L31: TRUE | M31: TRUE | N31: TRUE | O31: TRUE | P31: TRUE | Q31: TRUE | R31: TRUE | S31: TRUE | T31: TRUE | U31: TRUE
A32: =Calculations!Z18="" -> TRUE | B32: TRUE | C32: TRUE | D32: TRUE | E32: TRUE | F32: TRUE | G32: TRUE | H32: TRUE | I32: TRUE | J32: TRUE | K32: TRUE | L32: TRUE | M32: TRUE | N32: TRUE | O32: TRUE | P32: TRUE | Q32: TRUE | R32: TRUE | S32: TRUE | T32: TRUE | U32: TRUE
A33: =Calculations!Z19="" -> TRUE | B33: TRUE | C33: TRUE | D33: TRUE | E33: TRUE | F33: TRUE | G33: TRUE | H33: TRUE | I33: TRUE | J33: TRUE | K33: TRUE | L33: TRUE | M33: TRUE | N33: TRUE | O33: TRUE | P33: TRUE | Q33: TRUE | R33: TRUE | S33: TRUE | T33: TRUE | U33: TRUE
A34: =Calculations!Z20="" -> TRUE | B34: TRUE | C34: TRUE | D34: TRUE | E34: TRUE | F34: TRUE | G34: TRUE | H34: TRUE | I34: TRUE | J34: TRUE | K34: TRUE | L34: TRUE | M34: TRUE | N34: TRUE | O34: TRUE | P34: TRUE | Q34: TRUE | R34: TRUE | S34: TRUE | T34: TRUE | U34: TRUE
A35: =Calculations!Z21="" -> TRUE | B35: TRUE | C35: TRUE | D35: TRUE | E35: TRUE | F35: TRUE | G35: TRUE | H35: TRUE | I35: TRUE | J35: TRUE | K35: TRUE | L35: TRUE | M35: TRUE | N35: TRUE | O35: TRUE | P35: TRUE | Q35: TRUE | R35: TRUE | S35: TRUE | T35: TRUE | U35: TRUE
A36: =Calculations!Z22="" -> TRUE | B36: TRUE | C36: TRUE | D36: TRUE | E36: TRUE | F36: TRUE | G36: TRUE | H36: TRUE | I36: TRUE | J36: TRUE | K36: TRUE | L36: TRUE | M36: TRUE | N36: TRUE | O36: TRUE | P36: TRUE | Q36: TRUE | R36: TRUE | S36: TRUE | T36: TRUE | U36: TRUE
A37: =Calculations!Z23="" -> TRUE | B37: TRUE | C37: TRUE | D37: TRUE | E37: TRUE | F37: TRUE | G37: TRUE | H37: TRUE | I37: TRUE | J37: TRUE | K37: TRUE | L37: TRUE | M37: TRUE | N37: TRUE | O37: TRUE | P37: TRUE | Q37: TRUE | R37: TRUE | S37: TRUE | T37: TRUE | U37: TRUE
... A44: =Calculations!Z30="" -> TRUE | B44: TRUE | C44: TRUE | D44: TRUE | E44: TRUE | F44: TRUE | G44: TRUE | H44: TRUE | I44: TRUE | J44: TRUE | K44: TRUE | L44: TRUE | M44: TRUE | N44: TRUE | O44: TRUE | P44: TRUE | Q44: TRUE | R44: TRUE | S44: TRUE | T44: TRUE | U44: TRUE
A46: Correlation | B46: 1 | C46: 2 | D46: 3 | E46: 4 | F46: 5 | G46: 6 | H46: 7 | I46: 8 | J46: 9 | K46: 10 | L46: 11 | M46: 12 | N46: 13 | O46: 14 | P46: 15 | Q46: 16 | R46: 17 | S46: 18 | T46: 19 | U46: 20
A47: 1 | B47: {=IF(INDEX(Main!$Z$3:$AS$22,MIN(B$46,$A47),MAX(B$46,$A47))="",0,INDEX(Main!$Z$3:$AS$22,MIN(B$46,$A47),MAX(B$46,$A47)))} -> 1 | C47: {=IF(INDEX(Main!$Z$3:$AS$22,MIN(C$46,$A47),MAX(C$46,$A47))="",0,INDEX(Main!$Z$3:$AS$22,MIN(C$46,$A47),MAX(C$46,$A47)))} -> 0.84139727 | D47: {=IF(INDEX(Main!$Z$3:$AS$22,MIN(D$46,$A47),MAX(D$46,$A47))="",0,INDEX(Main!$Z$3:$AS$22,MIN(D$46,$A47),MAX(D$46,$A47)))} -> 0.68839623 | E47: {=IF(INDEX(Main!$Z$3:$AS$22,MIN(E$46,$A47),MAX(E$46,$A47))="",0,INDEX(Main!$Z$3:$AS$22,MIN(E$46,$A47),MAX(E$46,$A47)))} -> 0.57392126 | F47: {=IF(INDEX(Main!$Z$3:$AS$22,MIN(F$46,$A47),MAX(F$46,$A47))="",0,INDEX(Main!$Z$3:$AS$22,MIN(F$46,$A47),MAX(F$46,$A47)))} -> 0.67716731 | G47: {=IF(INDEX(Main!$Z$3:$AS$22,MIN(G$46,$A47),MAX(G$46,$A47))="",0,INDEX(Main!$Z$3:$AS$22,MIN(G$46,$A47),MAX(G$46,$A47)))} -> 0 | H47: {=IF(INDEX(Main!$Z$3:$AS$22,MIN(H$46,$A47),MAX(H$46,$A47))="",0,INDEX(Main!$Z$3:$AS$22,MIN(H$46,$A47),MAX(H$46,$A47)))} -> 0 | I47: {=IF(INDEX(Main!$Z$3:$AS$22,MIN(I$46,$A47),MAX(I$46,$A47))="",0,INDEX(Main!$Z$3:$AS$22,MIN(I$46,$A47),MAX(I$46,$A47)))} -> 0 | ... U47: {=IF(INDEX(Main!$Z$3:$AS$22,MIN(U$46,$A47),MAX(U$46,$A47))="",0,INDEX(Main!$Z$3:$AS$22,MIN(U$46,$A47),MAX(U$46,$A47)))} -> 0
A48: 2 | B48: {=IF(INDEX(Main!$Z$3:$AS$22,MIN(B$46,$A48),MAX(B$46,$A48))="",0,INDEX(Main!$Z$3:$AS$22,MIN(B$46,$A48),MAX(B$46,$A48)))} -> 0.84139727 | C48: {=IF(INDEX(Main!$Z$3:$AS$22,MIN(C$46,$A48),MAX(C$46,$A48))="",0,INDEX(Main!$Z$3:$AS$22,MIN(C$46,$A48),MAX(C$46,$A48)))} -> 1 | D48: {=IF(INDEX(Main!$Z$3:$AS$22,MIN(D$46,$A48),MAX(D$46,$A48))="",0,INDEX(Main!$Z$3:$AS$22,MIN(D$46,$A48),MAX(D$46,$A48)))} -> 0.69917339 | E48: {=IF(INDEX(Main!$Z$3:$AS$22,MIN(E$46,$A48),MAX(E$46,$A48))="",0,INDEX(Main!$Z$3:$AS$22,MIN(E$46,$A48),MAX(E$46,$A48)))} -> 0.58314837 | F48: {=IF(INDEX(Main!$Z$3:$AS$22,MIN(F$46,$A48),MAX(F$46,$A48))="",0,INDEX(Main!$Z$3:$AS$22,MIN(F$46,$A48),MAX(F$46,$A48)))} -> 0.68628285 | G48: {=IF(INDEX(Main!$Z$3:$AS$22,MIN(G$46,$A48),MAX(G$46,$A48))="",0,INDEX(Main!$Z$3:$AS$22,MIN(G$46,$A48),MAX(G$46,$A48)))} -> 0 | H48: {=IF(INDEX(Main!$Z$3:$AS$22,MIN(H$46,$A48),MAX(H$46,$A48))="",0,INDEX(Main!$Z$3:$AS$22,MIN(H$46,$A48),MAX(H$46,$A48)))} -> 0 | I48: {=IF(INDEX(Main!$Z$3:$AS$22,MIN(I$46,$A48),MAX(I$46,$A48))="",0,INDEX(Main!$Z$3:$AS$22,MIN(I$46,$A48),MAX(I$46,$A48)))} -> 0 | ... U48: {=IF(INDEX(Main!$Z$3:$AS$22,MIN(U$46,$A48),MAX(U$46,$A48))="",0,INDEX(Main!$Z$3:$AS$22,MIN(U$46,$A48),MAX(U$46,$A48)))} -> 0
A49: 3 | B49: {=IF(INDEX(Main!$Z$3:$AS$22,MIN(B$46,$A49),MAX(B$46,$A49))="",0,INDEX(Main!$Z$3:$AS$22,MIN(B$46,$A49),MAX(B$46,$A49)))} -> 0.68839623 | C49: {=IF(INDEX(Main!$Z$3:$AS$22,MIN(C$46,$A49),MAX(C$46,$A49))="",0,INDEX(Main!$Z$3:$AS$22,MIN(C$46,$A49),MAX(C$46,$A49)))} -> 0.69917339 | D49: {=IF(INDEX(Main!$Z$3:$AS$22,MIN(D$46,$A49),MAX(D$46,$A49))="",0,INDEX(Main!$Z$3:$AS$22,MIN(D$46,$A49),MAX(D$46,$A49)))} -> 1 | E49: {=IF(INDEX(Main!$Z$3:$AS$22,MIN(E$46,$A49),MAX(E$46,$A49))="",0,INDEX(Main!$Z$3:$AS$22,MIN(E$46,$A49),MAX(E$46,$A49)))} -> 0.63567264 | F49: {=IF(INDEX(Main!$Z$3:$AS$22,MIN(F$46,$A49),MAX(F$46,$A49))="",0,INDEX(Main!$Z$3:$AS$22,MIN(F$46,$A49),MAX(F$46,$A49)))} -> 0.72776033 | G49: {=IF(INDEX(Main!$Z$3:$AS$22,MIN(G$46,$A49),MAX(G$46,$A49))="",0,INDEX(Main!$Z$3:$AS$22,MIN(G$46,$A49),MAX(G$46,$A49)))} -> 0 | H49: {=IF(INDEX(Main!$Z$3:$AS$22,MIN(H$46,$A49),MAX(H$46,$A49))="",0,INDEX(Main!$Z$3:$AS$22,MIN(H$46,$A49),MAX(H$46,$A49)))} -> 0 | I49: {=IF(INDEX(Main!$Z$3:$AS$22,MIN(I$46,$A49),MAX(I$46,$A49))="",0,INDEX(Main!$Z$3:$AS$22,MIN(I$46,$A49),MAX(I$46,$A49)))} -> 0 | ... U49: {=IF(INDEX(Main!$Z$3:$AS$22,MIN(U$46,$A49),MAX(U$46,$A49))="",0,INDEX(Main!$Z$3:$AS$22,MIN(U$46,$A49),MAX(U$46,$A49)))} -> 0
A50: 4 | B50: {=IF(INDEX(Main!$Z$3:$AS$22,MIN(B$46,$A50),MAX(B$46,$A50))="",0,INDEX(Main!$Z$3:$AS$22,MIN(B$46,$A50),MAX(B$46,$A50)))} -> 0.57392126 | C50: {=IF(INDEX(Main!$Z$3:$AS$22,MIN(C$46,$A50),MAX(C$46,$A50))="",0,INDEX(Main!$Z$3:$AS$22,MIN(C$46,$A50),MAX(C$46,$A50)))} -> 0.58314837 | D50: {=IF(INDEX(Main!$Z$3:$AS$22,MIN(D$46,$A50),MAX(D$46,$A50))="",0,INDEX(Main!$Z$3:$AS$22,MIN(D$46,$A50),MAX(D$46,$A50)))} -> 0.63567264 | E50: {=IF(INDEX(Main!$Z$3:$AS$22,MIN(E$46,$A50),MAX(E$46,$A50))="",0,INDEX(Main!$Z$3:$AS$22,MIN(E$46,$A50),MAX(E$46,$A50)))} -> 1 | F50: {=IF(INDEX(Main!$Z$3:$AS$22,MIN(F$46,$A50),MAX(F$46,$A50))="",0,INDEX(Main!$Z$3:$AS$22,MIN(F$46,$A50),MAX(F$46,$A50)))} -> 0.70699526 | G50: {=IF(INDEX(Main!$Z$3:$AS$22,MIN(G$46,$A50),MAX(G$46,$A50))="",0,INDEX(Main!$Z$3:$AS$22,MIN(G$46,$A50),MAX(G$46,$A50)))} -> 0 | H50: {=IF(INDEX(Main!$Z$3:$AS$22,MIN(H$46,$A50),MAX(H$46,$A50))="",0,INDEX(Main!$Z$3:$AS$22,MIN(H$46,$A50),MAX(H$46,$A50)))} -> 0 | I50: {=IF(INDEX(Main!$Z$3:$AS$22,MIN(I$46,$A50),MAX(I$46,$A50))="",0,INDEX(Main!$Z$3:$AS$22,MIN(I$46,$A50),MAX(I$46,$A50)))} -> 0 | ... U50: {=IF(INDEX(Main!$Z$3:$AS$22,MIN(U$46,$A50),MAX(U$46,$A50))="",0,INDEX(Main!$Z$3:$AS$22,MIN(U$46,$A50),MAX(U$46,$A50)))} -> 0
A51: 5 | B51: {=IF(INDEX(Main!$Z$3:$AS$22,MIN(B$46,$A51),MAX(B$46,$A51))="",0,INDEX(Main!$Z$3:$AS$22,MIN(B$46,$A51),MAX(B$46,$A51)))} -> 0.67716731 | C51: {=IF(INDEX(Main!$Z$3:$AS$22,MIN(C$46,$A51),MAX(C$46,$A51))="",0,INDEX(Main!$Z$3:$AS$22,MIN(C$46,$A51),MAX(C$46,$A51)))} -> 0.68628285 | D51: {=IF(INDEX(Main!$Z$3:$AS$22,MIN(D$46,$A51),MAX(D$46,$A51))="",0,INDEX(Main!$Z$3:$AS$22,MIN(D$46,$A51),MAX(D$46,$A51)))} -> 0.72776033 | E51: {=IF(INDEX(Main!$Z$3:$AS$22,MIN(E$46,$A51),MAX(E$46,$A51))="",0,INDEX(Main!$Z$3:$AS$22,MIN(E$46,$A51),MAX(E$46,$A51)))} -> 0.70699526 | F51: {=IF(INDEX(Main!$Z$3:$AS$22,MIN(F$46,$A51),MAX(F$46,$A51))="",0,INDEX(Main!$Z$3:$AS$22,MIN(F$46,$A51),MAX(F$46,$A51)))} -> 1 | G51: {=IF(INDEX(Main!$Z$3:$AS$22,MIN(G$46,$A51),MAX(G$46,$A51))="",0,INDEX(Main!$Z$3:$AS$22,MIN(G$46,$A51),MAX(G$46,$A51)))} -> 0 | H51: {=IF(INDEX(Main!$Z$3:$AS$22,MIN(H$46,$A51),MAX(H$46,$A51))="",0,INDEX(Main!$Z$3:$AS$22,MIN(H$46,$A51),MAX(H$46,$A51)))} -> 0 | I51: {=IF(INDEX(Main!$Z$3:$AS$22,MIN(I$46,$A51),MAX(I$46,$A51))="",0,INDEX(Main!$Z$3:$AS$22,MIN(I$46,$A51),MAX(I$46,$A51)))} -> 0 | ... U51: {=IF(INDEX(Main!$Z$3:$AS$22,MIN(U$46,$A51),MAX(U$46,$A51))="",0,INDEX(Main!$Z$3:$AS$22,MIN(U$46,$A51),MAX(U$46,$A51)))} -> 0
A52: 6 | B52: {=IF(INDEX(Main!$Z$3:$AS$22,MIN(B$46,$A52),MAX(B$46,$A52))="",0,INDEX(Main!$Z$3:$AS$22,MIN(B$46,$A52),MAX(B$46,$A52)))} -> 0 | C52: {=IF(INDEX(Main!$Z$3:$AS$22,MIN(C$46,$A52),MAX(C$46,$A52))="",0,INDEX(Main!$Z$3:$AS$22,MIN(C$46,$A52),MAX(C$46,$A52)))} -> 0 | D52: {=IF(INDEX(Main!$Z$3:$AS$22,MIN(D$46,$A52),MAX(D$46,$A52))="",0,INDEX(Main!$Z$3:$AS$22,MIN(D$46,$A52),MAX(D$46,$A52)))} -> 0 | E52: {=IF(INDEX(Main!$Z$3:$AS$22,MIN(E$46,$A52),MAX(E$46,$A52))="",0,INDEX(Main!$Z$3:$AS$22,MIN(E$46,$A52),MAX(E$46,$A52)))} -> 0 | F52: {=IF(INDEX(Main!$Z$3:$AS$22,MIN(F$46,$A52),MAX(F$46,$A52))="",0,INDEX(Main!$Z$3:$AS$22,MIN(F$46,$A52),MAX(F$46,$A52)))} -> 0 | G52: {=IF(INDEX(Main!$Z$3:$AS$22,MIN(G$46,$A52),MAX(G$46,$A52))="",0,INDEX(Main!$Z$3:$AS$22,MIN(G$46,$A52),MAX(G$46,$A52)))} -> 1 | H52: {=IF(INDEX(Main!$Z$3:$AS$22,MIN(H$46,$A52),MAX(H$46,$A52))="",0,INDEX(Main!$Z$3:$AS$22,MIN(H$46,$A52),MAX(H$46,$A52)))} -> 0 | I52: {=IF(INDEX(Main!$Z$3:$AS$22,MIN(I$46,$A52),MAX(I$46,$A52))="",0,INDEX(Main!$Z$3:$AS$22,MIN(I$46,$A52),MAX(I$46,$A52)))} -> 0 | ... U52: {=IF(INDEX(Main!$Z$3:$AS$22,MIN(U$46,$A52),MAX(U$46,$A52))="",0,INDEX(Main!$Z$3:$AS$22,MIN(U$46,$A52),MAX(U$46,$A52)))} -> 0
A53: 7 | B53: {=IF(INDEX(Main!$Z$3:$AS$22,MIN(B$46,$A53),MAX(B$46,$A53))="",0,INDEX(Main!$Z$3:$AS$22,MIN(B$46,$A53),MAX(B$46,$A53)))} -> 0 | C53: {=IF(INDEX(Main!$Z$3:$AS$22,MIN(C$46,$A53),MAX(C$46,$A53))="",0,INDEX(Main!$Z$3:$AS$22,MIN(C$46,$A53),MAX(C$46,$A53)))} -> 0 | D53: {=IF(INDEX(Main!$Z$3:$AS$22,MIN(D$46,$A53),MAX(D$46,$A53))="",0,INDEX(Main!$Z$3:$AS$22,MIN(D$46,$A53),MAX(D$46,$A53)))} -> 0 | E53: {=IF(INDEX(Main!$Z$3:$AS$22,MIN(E$46,$A53),MAX(E$46,$A53))="",0,INDEX(Main!$Z$3:$AS$22,MIN(E$46,$A53),MAX(E$46,$A53)))} -> 0 | F53: {=IF(INDEX(Main!$Z$3:$AS$22,MIN(F$46,$A53),MAX(F$46,$A53))="",0,INDEX(Main!$Z$3:$AS$22,MIN(F$46,$A53),MAX(F$46,$A53)))} -> 0 | G53: {=IF(INDEX(Main!$Z$3:$AS$22,MIN(G$46,$A53),MAX(G$46,$A53))="",0,INDEX(Main!$Z$3:$AS$22,MIN(G$46,$A53),MAX(G$46,$A53)))} -> 0 | H53: {=IF(INDEX(Main!$Z$3:$AS$22,MIN(H$46,$A53),MAX(H$46,$A53))="",0,INDEX(Main!$Z$3:$AS$22,MIN(H$46,$A53),MAX(H$46,$A53)))} -> 1 | I53: {=IF(INDEX(Main!$Z$3:$AS$22,MIN(I$46,$A53),MAX(I$46,$A53))="",0,INDEX(Main!$Z$3:$AS$22,MIN(I$46,$A53),MAX(I$46,$A53)))} -> 0 | ... U53: {=IF(INDEX(Main!$Z$3:$AS$22,MIN(U$46,$A53),MAX(U$46,$A53))="",0,INDEX(Main!$Z$3:$AS$22,MIN(U$46,$A53),MAX(U$46,$A53)))} -> 0
A54: 8 | B54: {=IF(INDEX(Main!$Z$3:$AS$22,MIN(B$46,$A54),MAX(B$46,$A54))="",0,INDEX(Main!$Z$3:$AS$22,MIN(B$46,$A54),MAX(B$46,$A54)))} -> 0 | C54: {=IF(INDEX(Main!$Z$3:$AS$22,MIN(C$46,$A54),MAX(C$46,$A54))="",0,INDEX(Main!$Z$3:$AS$22,MIN(C$46,$A54),MAX(C$46,$A54)))} -> 0 | D54: {=IF(INDEX(Main!$Z$3:$AS$22,MIN(D$46,$A54),MAX(D$46,$A54))="",0,INDEX(Main!$Z$3:$AS$22,MIN(D$46,$A54),MAX(D$46,$A54)))} -> 0 | E54: {=IF(INDEX(Main!$Z$3:$AS$22,MIN(E$46,$A54),MAX(E$46,$A54))="",0,INDEX(Main!$Z$3:$AS$22,MIN(E$46,$A54),MAX(E$46,$A54)))} -> 0 | F54: {=IF(INDEX(Main!$Z$3:$AS$22,MIN(F$46,$A54),MAX(F$46,$A54))="",0,INDEX(Main!$Z$3:$AS$22,MIN(F$46,$A54),MAX(F$46,$A54)))} -> 0 | G54: {=IF(INDEX(Main!$Z$3:$AS$22,MIN(G$46,$A54),MAX(G$46,$A54))="",0,INDEX(Main!$Z$3:$AS$22,MIN(G$46,$A54),MAX(G$46,$A54)))} -> 0 | H54: {=IF(INDEX(Main!$Z$3:$AS$22,MIN(H$46,$A54),MAX(H$46,$A54))="",0,INDEX(Main!$Z$3:$AS$22,MIN(H$46,$A54),MAX(H$46,$A54)))} -> 0 | I54: {=IF(INDEX(Main!$Z$3:$AS$22,MIN(I$46,$A54),MAX(I$46,$A54))="",0,INDEX(Main!$Z$3:$AS$22,MIN(I$46,$A54),MAX(I$46,$A54)))} -> 1 | ... U54: {=IF(INDEX(Main!$Z$3:$AS$22,MIN(U$46,$A54),MAX(U$46,$A54))="",0,INDEX(Main!$Z$3:$AS$22,MIN(U$46,$A54),MAX(U$46,$A54)))} -> 0
A55: 9 | B55: {=IF(INDEX(Main!$Z$3:$AS$22,MIN(B$46,$A55),MAX(B$46,$A55))="",0,INDEX(Main!$Z$3:$AS$22,MIN(B$46,$A55),MAX(B$46,$A55)))} -> 0 | C55: {=IF(INDEX(Main!$Z$3:$AS$22,MIN(C$46,$A55),MAX(C$46,$A55))="",0,INDEX(Main!$Z$3:$AS$22,MIN(C$46,$A55),MAX(C$46,$A55)))} -> 0 | D55: {=IF(INDEX(Main!$Z$3:$AS$22,MIN(D$46,$A55),MAX(D$46,$A55))="",0,INDEX(Main!$Z$3:$AS$22,MIN(D$46,$A55),MAX(D$46,$A55)))} -> 0 | E55: {=IF(INDEX(Main!$Z$3:$AS$22,MIN(E$46,$A55),MAX(E$46,$A55))="",0,INDEX(Main!$Z$3:$AS$22,MIN(E$46,$A55),MAX(E$46,$A55)))} -> 0 | F55: {=IF(INDEX(Main!$Z$3:$AS$22,MIN(F$46,$A55),MAX(F$46,$A55))="",0,INDEX(Main!$Z$3:$AS$22,MIN(F$46,$A55),MAX(F$46,$A55)))} -> 0 | G55: {=IF(INDEX(Main!$Z$3:$AS$22,MIN(G$46,$A55),MAX(G$46,$A55))="",0,INDEX(Main!$Z$3:$AS$22,MIN(G$46,$A55),MAX(G$46,$A55)))} -> 0 | H55: {=IF(INDEX(Main!$Z$3:$AS$22,MIN(H$46,$A55),MAX(H$46,$A55))="",0,INDEX(Main!$Z$3:$AS$22,MIN(H$46,$A55),MAX(H$46,$A55)))} -> 0 | I55: {=IF(INDEX(Main!$Z$3:$AS$22,MIN(I$46,$A55),MAX(I$46,$A55))="",0,INDEX(Main!$Z$3:$AS$22,MIN(I$46,$A55),MAX(I$46,$A55)))} -> 0 | ... U55: {=IF(INDEX(Main!$Z$3:$AS$22,MIN(U$46,$A55),MAX(U$46,$A55))="",0,INDEX(Main!$Z$3:$AS$22,MIN(U$46,$A55),MAX(U$46,$A55)))} -> 0
A56: 10 | B56: {=IF(INDEX(Main!$Z$3:$AS$22,MIN(B$46,$A56),MAX(B$46,$A56))="",0,INDEX(Main!$Z$3:$AS$22,MIN(B$46,$A56),MAX(B$46,$A56)))} -> 0 | C56: {=IF(INDEX(Main!$Z$3:$AS$22,MIN(C$46,$A56),MAX(C$46,$A56))="",0,INDEX(Main!$Z$3:$AS$22,MIN(C$46,$A56),MAX(C$46,$A56)))} -> 0 | D56: {=IF(INDEX(Main!$Z$3:$AS$22,MIN(D$46,$A56),MAX(D$46,$A56))="",0,INDEX(Main!$Z$3:$AS$22,MIN(D$46,$A56),MAX(D$46,$A56)))} -> 0 | E56: {=IF(INDEX(Main!$Z$3:$AS$22,MIN(E$46,$A56),MAX(E$46,$A56))="",0,INDEX(Main!$Z$3:$AS$22,MIN(E$46,$A56),MAX(E$46,$A56)))} -> 0 | F56: {=IF(INDEX(Main!$Z$3:$AS$22,MIN(F$46,$A56),MAX(F$46,$A56))="",0,INDEX(Main!$Z$3:$AS$22,MIN(F$46,$A56),MAX(F$46,$A56)))} -> 0 | G56: {=IF(INDEX(Main!$Z$3:$AS$22,MIN(G$46,$A56),MAX(G$46,$A56))="",0,INDEX(Main!$Z$3:$AS$22,MIN(G$46,$A56),MAX(G$46,$A56)))} -> 0 | H56: {=IF(INDEX(Main!$Z$3:$AS$22,MIN(H$46,$A56),MAX(H$46,$A56))="",0,INDEX(Main!$Z$3:$AS$22,MIN(H$46,$A56),MAX(H$46,$A56)))} -> 0 | I56: {=IF(INDEX(Main!$Z$3:$AS$22,MIN(I$46,$A56),MAX(I$46,$A56))="",0,INDEX(Main!$Z$3:$AS$22,MIN(I$46,$A56),MAX(I$46,$A56)))} -> 0 | ... U56: {=IF(INDEX(Main!$Z$3:$AS$22,MIN(U$46,$A56),MAX(U$46,$A56))="",0,INDEX(Main!$Z$3:$AS$22,MIN(U$46,$A56),MAX(U$46,$A56)))} -> 0
A57: 11 | B57: {=IF(INDEX(Main!$Z$3:$AS$22,MIN(B$46,$A57),MAX(B$46,$A57))="",0,INDEX(Main!$Z$3:$AS$22,MIN(B$46,$A57),MAX(B$46,$A57)))} -> 0 | C57: {=IF(INDEX(Main!$Z$3:$AS$22,MIN(C$46,$A57),MAX(C$46,$A57))="",0,INDEX(Main!$Z$3:$AS$22,MIN(C$46,$A57),MAX(C$46,$A57)))} -> 0 | D57: {=IF(INDEX(Main!$Z$3:$AS$22,MIN(D$46,$A57),MAX(D$46,$A57))="",0,INDEX(Main!$Z$3:$AS$22,MIN(D$46,$A57),MAX(D$46,$A57)))} -> 0 | E57: {=IF(INDEX(Main!$Z$3:$AS$22,MIN(E$46,$A57),MAX(E$46,$A57))="",0,INDEX(Main!$Z$3:$AS$22,MIN(E$46,$A57),MAX(E$46,$A57)))} -> 0 | F57: {=IF(INDEX(Main!$Z$3:$AS$22,MIN(F$46,$A57),MAX(F$46,$A57))="",0,INDEX(Main!$Z$3:$AS$22,MIN(F$46,$A57),MAX(F$46,$A57)))} -> 0 | G57: {=IF(INDEX(Main!$Z$3:$AS$22,MIN(G$46,$A57),MAX(G$46,$A57))="",0,INDEX(Main!$Z$3:$AS$22,MIN(G$46,$A57),MAX(G$46,$A57)))} -> 0 | H57: {=IF(INDEX(Main!$Z$3:$AS$22,MIN(H$46,$A57),MAX(H$46,$A57))="",0,INDEX(Main!$Z$3:$AS$22,MIN(H$46,$A57),MAX(H$46,$A57)))} -> 0 | I57: {=IF(INDEX(Main!$Z$3:$AS$22,MIN(I$46,$A57),MAX(I$46,$A57))="",0,INDEX(Main!$Z$3:$AS$22,MIN(I$46,$A57),MAX(I$46,$A57)))} -> 0 | ... U57: {=IF(INDEX(Main!$Z$3:$AS$22,MIN(U$46,$A57),MAX(U$46,$A57))="",0,INDEX(Main!$Z$3:$AS$22,MIN(U$46,$A57),MAX(U$46,$A57)))} -> 0
A58: 12 | B58: {=IF(INDEX(Main!$Z$3:$AS$22,MIN(B$46,$A58),MAX(B$46,$A58))="",0,INDEX(Main!$Z$3:$AS$22,MIN(B$46,$A58),MAX(B$46,$A58)))} -> 0 | C58: {=IF(INDEX(Main!$Z$3:$AS$22,MIN(C$46,$A58),MAX(C$46,$A58))="",0,INDEX(Main!$Z$3:$AS$22,MIN(C$46,$A58),MAX(C$46,$A58)))} -> 0 | D58: {=IF(INDEX(Main!$Z$3:$AS$22,MIN(D$46,$A58),MAX(D$46,$A58))="",0,INDEX(Main!$Z$3:$AS$22,MIN(D$46,$A58),MAX(D$46,$A58)))} -> 0 | E58: {=IF(INDEX(Main!$Z$3:$AS$22,MIN(E$46,$A58),MAX(E$46,$A58))="",0,INDEX(Main!$Z$3:$AS$22,MIN(E$46,$A58),MAX(E$46,$A58)))} -> 0 | F58: {=IF(INDEX(Main!$Z$3:$AS$22,MIN(F$46,$A58),MAX(F$46,$A58))="",0,INDEX(Main!$Z$3:$AS$22,MIN(F$46,$A58),MAX(F$46,$A58)))} -> 0 | G58: {=IF(INDEX(Main!$Z$3:$AS$22,MIN(G$46,$A58),MAX(G$46,$A58))="",0,INDEX(Main!$Z$3:$AS$22,MIN(G$46,$A58),MAX(G$46,$A58)))} -> 0 | H58: {=IF(INDEX(Main!$Z$3:$AS$22,MIN(H$46,$A58),MAX(H$46,$A58))="",0,INDEX(Main!$Z$3:$AS$22,MIN(H$46,$A58),MAX(H$46,$A58)))} -> 0 | I58: {=IF(INDEX(Main!$Z$3:$AS$22,MIN(I$46,$A58),MAX(I$46,$A58))="",0,INDEX(Main!$Z$3:$AS$22,MIN(I$46,$A58),MAX(I$46,$A58)))} -> 0 | ... U58: {=IF(INDEX(Main!$Z$3:$AS$22,MIN(U$46,$A58),MAX(U$46,$A58))="",0,INDEX(Main!$Z$3:$AS$22,MIN(U$46,$A58),MAX(U$46,$A58)))} -> 0
... A66: 20 | B66: {=IF(INDEX(Main!$Z$3:$AS$22,MIN(B$46,$A66),MAX(B$46,$A66))="",0,INDEX(Main!$Z$3:$AS$22,MIN(B$46,$A66),MAX(B$46,$A66)))} -> 0 | C66: {=IF(INDEX(Main!$Z$3:$AS$22,MIN(C$46,$A66),MAX(C$46,$A66))="",0,INDEX(Main!$Z$3:$AS$22,MIN(C$46,$A66),MAX(C$46,$A66)))} -> 0 | D66: {=IF(INDEX(Main!$Z$3:$AS$22,MIN(D$46,$A66),MAX(D$46,$A66))="",0,INDEX(Main!$Z$3:$AS$22,MIN(D$46,$A66),MAX(D$46,$A66)))} -> 0 | E66: {=IF(INDEX(Main!$Z$3:$AS$22,MIN(E$46,$A66),MAX(E$46,$A66))="",0,INDEX(Main!$Z$3:$AS$22,MIN(E$46,$A66),MAX(E$46,$A66)))} -> 0 | F66: {=IF(INDEX(Main!$Z$3:$AS$22,MIN(F$46,$A66),MAX(F$46,$A66))="",0,INDEX(Main!$Z$3:$AS$22,MIN(F$46,$A66),MAX(F$46,$A66)))} -> 0 | G66: {=IF(INDEX(Main!$Z$3:$AS$22,MIN(G$46,$A66),MAX(G$46,$A66))="",0,INDEX(Main!$Z$3:$AS$22,MIN(G$46,$A66),MAX(G$46,$A66)))} -> 0 | H66: {=IF(INDEX(Main!$Z$3:$AS$22,MIN(H$46,$A66),MAX(H$46,$A66))="",0,INDEX(Main!$Z$3:$AS$22,MIN(H$46,$A66),MAX(H$46,$A66)))} -> 0 | I66: {=IF(INDEX(Main!$Z$3:$AS$22,MIN(I$46,$A66),MAX(I$46,$A66))="",0,INDEX(Main!$Z$3:$AS$22,MIN(I$46,$A66),MAX(I$46,$A66)))} -> 0 | ... U66: {=IF(INDEX(Main!$Z$3:$AS$22,MIN(U$46,$A66),MAX(U$46,$A66))="",0,INDEX(Main!$Z$3:$AS$22,MIN(U$46,$A66),MAX(U$46,$A66)))} -> 1
A68: Any blank
A69: {=SUM(B2:U21*NOT(B25:U44))} -> 10

Sheet Tests
B2: Battery | C2: Family | D2: Edition | E2: Year Published | F2: Year Normed | G2: Mean | H2: SD | I2: Reliability | J2: List
B3: Bayley Scales of Infant and Toddler Development | C3: Bayley | D3: BSID | E3: 1969 | G3: 100 | H3: 15 | J3: =IF(AND(D3="",B3=""),"",IF(D3="",B3,D3)&" ("&E3&")") -> BSID (1969)
B4: Bayley Scales of Infant and Toddler Development | C4: Bayley | D4: BSID-II | E4: 1993 | G4: 100 | H4: 15 | J4: =IF(AND(D4="",B4=""),"",IF(D4="",B4,D4)&" ("&E4&")") -> BSID-II (1993)
B5: Bayley Scales of Infant and Toddler Development | C5: Bayley | D5: Bayley III | E5: 2005 | G5: 100 | H5: 15 | J5: =IF(AND(D5="",B5=""),"",IF(D5="",B5,D5)&" ("&E5&")") -> Bayley III (2005)
B6: Comprehensive Test of Nonverbal Intelligence | C6: CTONI | D6: CTONI | E6: 1997 | G6: 100 | H6: 15 | I6: 0.97 | J6: =IF(AND(D6="",B6=""),"",IF(D6="",B6,D6)&" ("&E6&")") -> CTONI (1997)
B7: Comprehensive Test of Nonverbal Intelligence | C7: CTONI | D7: CTONI-II | E7: 2009 | G7: 100 | H7: 15 | I7: 0.95 | J7: =IF(AND(D7="",B7=""),"",IF(D7="",B7,D7)&" ("&E7&")") -> CTONI-II (2009)
B8: Das–Naglieri Cognitive Assessment System | C8: CAS | D8: CAS | E8: 1997 | G8: 100 | H8: 15 | J8: =IF(AND(D8="",B8=""),"",IF(D8="",B8,D8)&" ("&E8&")") -> CAS (1997)
B9: Das–Naglieri Cognitive Assessment System | C9: CAS | D9: CAS-II | E9: 2014 | G9: 100 | H9: 15 | J9: =IF(AND(D9="",B9=""),"",IF(D9="",B9,D9)&" ("&E9&")") -> CAS-II (2014)
B10: Differential Ability Scales | C10: DAS | D10: DAS | E10: 1990 | G10: 100 | H10: 15 | J10: =IF(AND(D10="",B10=""),"",IF(D10="",B10,D10)&" ("&E10&")") -> DAS (1990)
B11: Differential Ability Scales | C11: DAS | D11: DAS-II | E11: 2007 | G11: 100 | H11: 15 | I11: 0.97 | J11: =IF(AND(D11="",B11=""),"",IF(D11="",B11,D11)&" ("&E11&")") -> DAS-II (2007)
B12: General Ability Measure for Adults | C12: GAMA | D12: GAMA | E12: 1997 | G12: 100 | H12: 15 | J12: =IF(AND(D12="",B12=""),"",IF(D12="",B12,D12)&" ("&E12&")") -> GAMA (1997)
B13: Kaufman Adult and Adolescent Intelligence Test | C13: Kaufman | D13: KAIT | E13: 1993 | G13: 100 | H13: 15 | I13: 0.97 | J13: =IF(AND(D13="",B13=""),"",IF(D13="",B13,D13)&" ("&E13&")") -> KAIT (1993)
B14: Kaufman Assessment Battery for Children | C14: Kaufman | D14: KABC | E14: 1983 | G14: 100 | H14: 15 | J14: =IF(AND(D14="",B14=""),"",IF(D14="",B14,D14)&" ("&E14&")") -> KABC (1983)
B15: Kaufman Assessment Battery for Children | C15: Kaufman | D15: KABC-II | E15: 2004 | G15: 100 | H15: 15 | I15: 0.97 | J15: =IF(AND(D15="",B15=""),"",IF(D15="",B15,D15)&" ("&E15&")") -> KABC-II (2004)
B16: Kaufman Assessment Battery for Children | C16: Kaufman | D16: KABC-II NU | E16: 2018 | G16: 100 | H16: 15 | I16: 0.97 | J16: =IF(AND(D16="",B16=""),"",IF(D16="",B16,D16)&" ("&E16&")") -> KABC-II NU (2018)
B17: Kaufman Brief Intelligence Test | C17: Kaufman | D17: KBIT | E17: 1990 | G17: 100 | H17: 15 | J17: =IF(AND(D17="",B17=""),"",IF(D17="",B17,D17)&" ("&E17&")") -> KBIT (1990)
B18: Kaufman Brief Intelligence Test | C18: Kaufman | D18: KBIT-2 | E18: 2004 | G18: 100 | H18: 15 | J18: =IF(AND(D18="",B18=""),"",IF(D18="",B18,D18)&" ("&E18&")") -> KBIT-2 (2004)
B19: Leiter International Performance Scale | C19: Leiter | D19: Leiter | E19: 1979 | G19: 100 | H19: 15 | J19: =IF(AND(D19="",B19=""),"",IF(D19="",B19,D19)&" ("&E19&")") -> Leiter (1979)
B20: Leiter International Performance Scale | C20: Leiter | D20: Leiter-R | E20: 1997 | G20: 100 | H20: 15 | J20: =IF(AND(D20="",B20=""),"",IF(D20="",B20,D20)&" ("&E20&")") -> Leiter-R (1997)
B21: Leiter International Performance Scale | C21: Leiter | D21: Leiter-3 | E21: 2013 | G21: 100 | H21: 15 | J21: =IF(AND(D21="",B21=""),"",IF(D21="",B21,D21)&" ("&E21&")") -> Leiter-3 (2013)
B22: Naglieri Nonverbal Ability Test | C22: NNAT | D22: NNAT | E22: 2004 | G22: 100 | H22: 15 | J22: =IF(AND(D22="",B22=""),"",IF(D22="",B22,D22)&" ("&E22&")") -> NNAT (2004)
B23: Naglieri Nonverbal Ability Test | C23: NNAT | D23: NNAT-2 | E23: 2007 | G23: 100 | H23: 15 | J23: =IF(AND(D23="",B23=""),"",IF(D23="",B23,D23)&" ("&E23&")") -> NNAT-2 (2007)
B24: Reynolds Intellectual Assessment Scales | C24: RIAS | D24: RIAS | E24: 2003 | F24: 2000 | G24: 100 | H24: 15 | J24: =IF(AND(D24="",B24=""),"",IF(D24="",B24,D24)&" ("&E24&")") -> RIAS (2003)
B25: Reynolds Intellectual Assessment Scales | C25: RIAS | D25: RIAS-II | E25: 2015 | G25: 100 | H25: 15 | I25: 0.93 | J25: =IF(AND(D25="",B25=""),"",IF(D25="",B25,D25)&" ("&E25&")") -> RIAS-II (2015)
B26: Shipley Institute of Living Scale | C26: Shipley | D26: SILS | E26: 1946 | G26: 100 | H26: 15 | J26: =IF(AND(D26="",B26=""),"",IF(D26="",B26,D26)&" ("&E26&")") -> SILS (1946)
B27: Shipley Institute of Living Scale | C27: Shipley | D27: Shipley-2 | E27: 2009 | G27: 100 | H27: 15 | J27: =IF(AND(D27="",B27=""),"",IF(D27="",B27,D27)&" ("&E27&")") -> Shipley-2 (2009)
B28: Slosson Intelligence Test | C28: Slosson | D28: SIT | E28: 1963 | G28: 100 | H28: 15 | J28: =IF(AND(D28="",B28=""),"",IF(D28="",B28,D28)&" ("&E28&")") -> SIT (1963)
B29: Slosson Intelligence Test | C29: Slosson | D29: SIT expanded norms | E29: 1981 | G29: 100 | H29: 15 | J29: =IF(AND(D29="",B29=""),"",IF(D29="",B29,D29)&" ("&E29&")") -> SIT expanded norms (1981)
B30: Slosson Intelligence Test | C30: Slosson | D30: SIT-R | E30: 1991 | G30: 100 | H30: 15 | J30: =IF(AND(D30="",B30=""),"",IF(D30="",B30,D30)&" ("&E30&")") -> SIT-R (1991)
B31: Slosson Intelligence Test | C31: Slosson | D31: SIT-R3 | E31: 2002 | G31: 100 | H31: 15 | J31: =IF(AND(D31="",B31=""),"",IF(D31="",B31,D31)&" ("&E31&")") -> SIT-R3 (2002)
B32: Slosson Intelligence Test | C32: Slosson | D32: SIT-4 | E32: 2018 | G32: 100 | H32: 15 | J32: =IF(AND(D32="",B32=""),"",IF(D32="",B32,D32)&" ("&E32&")") -> SIT-4 (2018)
B33: Stanford-Binet | C33: Stanford-Binet | D33: SBLM | E33: 1962 | F33: 1960 | G33: 100 | H33: 16 | J33: =IF(AND(D33="",B33=""),"",IF(D33="",B33,D33)&" ("&E33&")") -> SBLM (1962)
B34: Stanford-Binet | C34: Stanford-Binet | D34: SBLM Updated | E34: 1973 | F34: 1972 | G34: 100 | H34: 16 | J34: =IF(AND(D34="",B34=""),"",IF(D34="",B34,D34)&" ("&E34&")") -> SBLM Updated (1973)
B35: Stanford-Binet | C35: Stanford-Binet | D35: SBIV | E35: 1986 | F35: 1985 | G35: 100 | H35: 16 | J35: =IF(AND(D35="",B35=""),"",IF(D35="",B35,D35)&" ("&E35&")") -> SBIV (1986)
B36: Stanford-Binet | C36: Stanford-Binet | D36: SB5 | E36: 2003 | F36: 2001 | G36: 100 | H36: 15 | I36: 0.98 | J36: =IF(AND(D36="",B36=""),"",IF(D36="",B36,D36)&" ("&E36&")") -> SB5 (2003)
B37: Test of General Reasoning Ability | C37: TOGRA | D37: TOGRA | E37: 2014 | G37: 100 | H37: 15 | J37: =IF(AND(D37="",B37=""),"",IF(D37="",B37,D37)&" ("&E37&")") -> TOGRA (2014)
B38: Test of Nonverbal Intelligence | C38: TONI | D38: TONI | E38: 1982 | G38: 100 | H38: 15 | J38: =IF(AND(D38="",B38=""),"",IF(D38="",B38,D38)&" ("&E38&")") -> TONI (1982)
B39: Test of Nonverbal Intelligence | C39: TONI | D39: TONI-2 | E39: 1990 | G39: 100 | H39: 15 | J39: =IF(AND(D39="",B39=""),"",IF(D39="",B39,D39)&" ("&E39&")") -> TONI-2 (1990)
B40: Test of Nonverbal Intelligence | C40: TONI | D40: TONI-3 | E40: 1997 | G40: 100 | H40: 15 | J40: =IF(AND(D40="",B40=""),"",IF(D40="",B40,D40)&" ("&E40&")") -> TONI-3 (1997)
B41: Test of Nonverbal Intelligence | C41: TONI | D41: TONI-4 | E41: 2010 | G41: 100 | H41: 15 | J41: =IF(AND(D41="",B41=""),"",IF(D41="",B41,D41)&" ("&E41&")") -> TONI-4 (2010)
B42: Universal Nonverbal Intelligence Test | C42: UNIT | D42: UNIT | E42: 1998 | G42: 100 | H42: 15 | I42: 0.93 | J42: =IF(AND(D42="",B42=""),"",IF(D42="",B42,D42)&" ("&E42&")") -> UNIT (1998)
B43: Universal Nonverbal Intelligence Test | C43: UNIT | D43: UNIT-2 | E43: 2016 | G43: 100 | H43: 15 | J43: =IF(AND(D43="",B43=""),"",IF(D43="",B43,D43)&" ("&E43&")") -> UNIT-2 (2016)
B44: Wechsler Adult Intelligence Scale | C44: Wechsler | D44: WAIS | E44: 1955 | F44: 1954 | G44: 100 | H44: 15 | I44: 0.97 | J44: =IF(AND(D44="",B44=""),"",IF(D44="",B44,D44)&" ("&E44&")") -> WAIS (1955)
B45: Wechsler Adult Intelligence Scale | C45: Wechsler | D45: WAIS-R | E45: 1981 | F45: 1978 | G45: 100 | H45: 15 | I45: 0.97 | J45: =IF(AND(D45="",B45=""),"",IF(D45="",B45,D45)&" ("&E45&")") -> WAIS-R (1981)
B46: Wechsler Adult Intelligence Scale | C46: Wechsler | D46: WAIS-III | E46: 1997 | F46: 1995 | G46: 100 | H46: 15 | I46: 0.98 | J46: =IF(AND(D46="",B46=""),"",IF(D46="",B46,D46)&" ("&E46&")") -> WAIS-III (1997)
B47: Wechsler Adult Intelligence Scale | C47: Wechsler | D47: WAIS-IV | E47: 2008 | F47: 2007 | G47: 100 | H47: 15 | I47: 0.98 | J47: =IF(AND(D47="",B47=""),"",IF(D47="",B47,D47)&" ("&E47&")") -> WAIS-IV (2008)
B48: Wechsler Adult Intelligence Scale | C48: Wechsler | D48: WAIS-5 | E48: 2024 | F48: 2023 | G48: 100 | H48: 15 | I48: 0.98 | J48: =IF(AND(D48="",B48=""),"",IF(D48="",B48,D48)&" ("&E48&")") -> WAIS-5 (2024)
B49: Wechsler Intelligence Scale for Children | C49: Wechsler | D49: WISC | E49: 1949 | F49: 1948 | G49: 100 | H49: 15 | I49: 0.94 | J49: =IF(AND(D49="",B49=""),"",IF(D49="",B49,D49)&" ("&E49&")") -> WISC (1949)
B50: Wechsler Intelligence Scale for Children | C50: Wechsler | D50: WISC-R | E50: 1974 | F50: 1972 | G50: 100 | H50: 15 | I50: 0.96 | J50: =IF(AND(D50="",B50=""),"",IF(D50="",B50,D50)&" ("&E50&")") -> WISC-R (1974)
B51: Wechsler Intelligence Scale for Children | C51: Wechsler | D51: WISC-III | E51: 1991 | F51: 1989 | G51: 100 | H51: 15 | I51: 0.96 | J51: =IF(AND(D51="",B51=""),"",IF(D51="",B51,D51)&" ("&E51&")") -> WISC-III (1991)
B52: Wechsler Intelligence Scale for Children | C52: Wechsler | D52: WISC-IV | E52: 2003 | F52: 2001 | G52: 100 | H52: 15 | I52: 0.97 | J52: =IF(AND(D52="",B52=""),"",IF(D52="",B52,D52)&" ("&E52&")") -> WISC-IV (2003)
B53: Wechsler Intelligence Scale for Children | C53: Wechsler | D53: WISC-V | E53: 2014 | F53: 2013 | G53: 100 | H53: 15 | I53: 0.96 | J53: =IF(AND(D53="",B53=""),"",IF(D53="",B53,D53)&" ("&E53&")") -> WISC-V (2014)
B54: Wechsler Intelligence Scale for Children | C54: Wechsler | D54: WISC-III PIQ | E54: 1991 | G54: 100 | H54: 15 | I54: 0.91 | J54: =IF(AND(D54="",B54=""),"",IF(D54="",B54,D54)&" ("&E54&")") -> WISC-III PIQ (1991)
B55: Wechsler Nonverbal Scale of Ability | C55: Wechsler | D55: WNA | E55: 2006 | G55: 100 | H55: 15 | I55: 0.9 | J55: =IF(AND(D55="",B55=""),"",IF(D55="",B55,D55)&" ("&E55&")") -> WNA (2006)
B56: Weschler Abbreviated Scale of Intelligence | C56: Wechsler | D56: WASI | E56: 1999 | G56: 100 | H56: 15 | J56: =IF(AND(D56="",B56=""),"",IF(D56="",B56,D56)&" ("&E56&")") -> WASI (1999)
B57: Weschler Abbreviated Scale of Intelligence | C57: Wechsler | D57: WASI-II | E57: 2011 | G57: 100 | H57: 15 | J57: =IF(AND(D57="",B57=""),"",IF(D57="",B57,D57)&" ("&E57&")") -> WASI-II (2011)
B58: Wide Range Intelligence Test | C58: WRIT | D58: WRIT | E58: 1999 | G58: 100 | H58: 15 | J58: =IF(AND(D58="",B58=""),"",IF(D58="",B58,D58)&" ("&E58&")") -> WRIT (1999)
B59: Woodcock-Johnson Tests of Cognitive Ability | C59: Woodcock-Johnson | D59: WJ77 | E59: 1977 | G59: 100 | H59: 15 | J59: =IF(AND(D59="",B59=""),"",IF(D59="",B59,D59)&" ("&E59&")") -> WJ77 (1977)
B60: Woodcock-Johnson Tests of Cognitive Ability | C60: Woodcock-Johnson | D60: WJ R Standard Scale | E60: 1989 | F60: 1987 | G60: 100 | H60: 15 | I60: 0.948 | J60: =IF(AND(D60="",B60=""),"",IF(D60="",B60,D60)&" ("&E60&")") -> WJ R Standard Scale (1989)
B61: Woodcock-Johnson Tests of Cognitive Ability | C61: Woodcock-Johnson | D61: WJ R Extended Scale | E61: 1989 | F61: 1987 | G61: 100 | H61: 15 | I61: 0.972 | J61: =IF(AND(D61="",B61=""),"",IF(D61="",B61,D61)&" ("&E61&")") -> WJ R Extended Scale (1989)
B62: Woodcock-Johnson Tests of Cognitive Ability | C62: Woodcock-Johnson | D62: WJ III | E62: 2001 | F62: 1998 | G62: 100 | H62: 15 | I62: 0.97 | J62: =IF(AND(D62="",B62=""),"",IF(D62="",B62,D62)&" ("&E62&")") -> WJ III (2001)
B63: Woodcock-Johnson Tests of Cognitive Ability | C63: Woodcock-Johnson | D63: WJ III NU | E63: 2007 | F63: 2007 | G63: 100 | H63: 15 | I63: 0.97 | J63: =IF(AND(D63="",B63=""),"",IF(D63="",B63,D63)&" ("&E63&")") -> WJ III NU (2007)
B64: Woodcock-Johnson Tests of Cognitive Ability | C64: Woodcock-Johnson | D64: WJ IV | E64: 2014 | F64: 2011 | G64: 100 | H64: 15 | I64: 0.97 | J64: =IF(AND(D64="",B64=""),"",IF(D64="",B64,D64)&" ("&E64&")") -> WJ IV (2014)
B65: Woodcock-Johnson Tests of Cognitive Ability | C65: Woodcock-Johnson | D65: WJ V | E65: 2025 | F65: 2024 | G65: 100 | H65: 15 | I65: 0.97 | J65: =IF(AND(D65="",B65=""),"",IF(D65="",B65,D65)&" ("&E65&")") -> WJ V (2025)
J66: =IF(AND(D66="",B66=""),"",IF(D66="",B66,D66)&" ("&E66&")")
J67: =IF(AND(D67="",B67=""),"",IF(D67="",B67,D67)&" ("&E67&")")
J68: =IF(AND(D68="",B68=""),"",IF(D68="",B68,D68)&" ("&E68&")")
J69: =IF(AND(D69="",B69=""),"",IF(D69="",B69,D69)&" ("&E69&")")
J70: =IF(AND(D70="",B70=""),"",IF(D70="",B70,D70)&" ("&E70&")")
J71: =IF(AND(D71="",B71=""),"",IF(D71="",B71,D71)&" ("&E71&")")
J72: =IF(AND(D72="",B72=""),"",IF(D72="",B72,D72)&" ("&E72&")")
J73: =IF(AND(D73="",B73=""),"",IF(D73="",B73,D73)&" ("&E73&")")
J74: =IF(AND(D74="",B74=""),"",IF(D74="",B74,D74)&" ("&E74&")")
J75: =IF(AND(D75="",B75=""),"",IF(D75="",B75,D75)&" ("&E75&")")
J76: =IF(AND(D76="",B76=""),"",IF(D76="",B76,D76)&" ("&E76&")")
J77: =IF(AND(D77="",B77=""),"",IF(D77="",B77,D77)&" ("&E77&")")
... J502: =IF(AND(D502="",B502=""),"",IF(D502="",B502,D502)&" ("&E502&")")

Sheet Calculations
B1: p | C1: rounded p
A2: Composite | B2: =_xlfn.NORM.DIST(Main!C26,100,15,TRUE) -> 0.012710903 | C2: =ROUND(B2,MAX(2,1-(1+INT(IFERROR(LOG10(ABS(MIN(B2,1-B2))),1))))) -> 0.01 | E2: Composite | F2: =Main!C26 -> 66.476018 | H2: CI | I2: =ROUND(F7,0)&"–"&ROUND(F8,0) -> 64–69
A3: Conditional Mahalanobis Distance (dcm) | B3: =IF(Main!C29<2,"",1-CHIDIST(Main!C27^2,Main!C29-1)) -> 0.093779837 | C3: =IF(B3="","",ROUND(B3,MAX(2,1-(1+INT(IFERROR(LOG10(ABS(MIN(B3,1-B3))),1)))))) -> 0.09 | E3: true score | F3: =B7*(F2-100) + 100 -> 66.72781
A4: Mahalanobis Distance (dm) | B4: =1-CHIDIST(Main!C28^2,Main!C29) -> 0.69556425 | C4: =ROUND(B4,MAX(2,1-(1+INT(IFERROR(LOG10(ABS(MIN(B4,1-B4))),1))))) -> 0.7 | E4: SEE | F4: =15*SQRT(B7*(1-B7)) -> 1.2950818
A5: Correlation Sum | B5: =SUM(A44:T63) -> 18.63983 | E5: Confidence | F5: 0.95
A6: Reliability Sum | B6: =SUMPRODUCT(Main!S3:S22,--Calculations!A11:A30) -> 4.86 | E6: z | F6: =_xlfn.NORM.INV(1-(1-F5)/2,0,1) -> 1.959964
A7: Composite Reliability | B7: =(B5-Main!C29+Calculations!B6)/Calculations!B5 -> 0.9924892 | C7: =ROUND(B7,MAX(2,1-(1+INT(IFERROR(LOG10(ABS(MIN(B7,1-B7))),1))))) -> 0.992 | E7: LB | F7: =F3-F4*F6 -> 64.189496
E8: UB | F8: =F3+F4*F6 -> 69.266124
A10: w | B10: Include | C10: x w | E10: dev | F10: predicted X | G10: rXC | H10: SEE | I10: Predicted | J10: z Deviation | K10: Prevalence of Deviation | M10: Observed Scores | N10: ="Expected Scores if Composite IQ = "&ROUND(Main!C26,0) -> Expected Scores if Composite IQ = 66 | O10: e2 | P10: SEE * 2 | S10: z | T10: zhat | U10: z-zhat | W10: zSEE | X10: z-zhat | Y10: Prevalence of Deviation | Z10: Score Used | AA10: Reliability | AB10: Reliability | AC10: =SUM(AC11:AC30) -> 0 | AE10: rank | AF10: match | AG10: =M10 -> Observed Scores | AH10: =N10 -> Expected Scores if Composite IQ = 66 | AI10: =O10 -> e2 | AJ10: =P10 -> SEE * 2 | AK10: Subtests | AL10: SEE | AM10: Extremely Low1 | AN10: Very Low1 | AO10: Low1 | AP10: Low Average1 | AQ10: Average1 | AR10: High Average1 | AS10: High1 | AT10: Very High1 | AU10: Extremely High1 | AV10: Extremely Low | AW10: Very Low | AX10: Low | AY10: Low Average | AZ10: Average | BA10: High Average | BB10: High | BC10: Very High | BD10: Extremely High
A11: =B11*IF(Main!E3="",1,Main!E3) -> 1 | B11: =IF(Calculations!Z11="",0,1) -> 1 | C11: =IF(B11=0,0,(Calculations!Z11-100)*Main!E3*B11) -> -25.94 | E11: {=C11:C30-V11:V30+100} -> 3.4180871 | F11: =V11*B11 -> 70.641913 | G11: {=MMULT(--$A$65:$T$84,$A$11:$A$30)/SQRT(MMULT(MMULT(TRANSPOSE($A$11:$A$30),--$A$65:$T$84),$A$11:$A$30))} -> 0.8757339 | H11: =IF(B11=0,NA(),15*W11) -> 7.2419115 | I11: =(Main!C$26-100)*G11+100 -> 70.641913 | J11: =IF(OR(B11=0,W11=0),NA(),U11/W11) -> 0.47198686 | K11: =IF(OR(B11=0,W11=0),NA(),1-NORMSDIST(-ABS(J11))*2) -> 0.36306383 | L11: =IF(Main!C3="",ROW(A1),Main!C3) -> WISC-R (1974) | M11: =IF(B11=0,NA(),Calculations!Z11) -> 74.06 | N11: =IF(B11=0,NA(),F11) -> 70.641913 | O11: =N11 -> 70.641913 | P11: =H11*2 -> 14.483823 | Q11: 1 | R11: =B11*Q11 -> 1 | S11: =IF(Calculations!Z11="",0,(Calculations!Z11-100)/15) -> -1.7293333 | T11: {=MMULT(MMULT(MMULT(--A65:T84,--A11:A30),TRANSPOSE(--A11:A30)),--S11:S30)/MMULT(MMULT(TRANSPOSE(--A11:A30),--A65:T84),--A11:A30)} -> -1.9572058 | U11: {=S11:S30-T11:T30} -> 0.22787247 | V11: =T11*15+100 -> 70.641913 | W11: =SQRT(1-G11^2) -> 0.4827941 | X11: =U11*B11 -> 0.22787247 | Y11: =ROUND(K11,MAX(2,1-(1+INT(IFERROR(LOG10(ABS(MIN(K11,1-K11))),1))))) -> 0.36 | Z11: =IF(Flynn,Main!K3,Main!L3) -> 74.06 | AA11: =IF(Main!C3="","",INDEX(Tests!I$3:I$499,MATCH(Main!C3,Tests!$J$3:$J$499,0))) -> 0.96 | AB11: =IF(AA11=0,Main!$S$1,Calculations!AA11) -> 0.96 | AC11: =IF(AA11=0,1,0) -> 0 | AE11: =IF(B11=1,Main!$C$29-RANK(R11,$R$11:$R$30,0)+1,"") -> 1 | AF11: =MATCH(Q11,$AE$11:$AE$30,0) -> 1 | AG11: =INDEX(M$11:M$30,$AF11,1) -> 74.06 | AH11: =INDEX(N$11:N$30,$AF11,1) -> 70.641913 | AI11: =INDEX(O$11:O$30,$AF11,1) -> 70.641913 | AJ11: =INDEX(P$11:P$30,$AF11,1) -> 14.483823 | AK11: =INDEX(L$11:L$30,$AF11,1) -> WISC-R (1974) | AL11: =INDEX(H$11:H$30,$AF11,1) -> 7.2419115 | AM11: =IF(ISNA(AL11),NA(),60) -> 60 | AN11: =IF(ISNA(AM11),NA(),70) -> 70 | AO11: =IF(ISNA(AN11),NA(),80) -> 80 | AP11: =IF(ISNA(AO11),NA(),90) -> 90 | AQ11: =IF(ISNA(AP11),NA(),110) -> 110 | AR11: =IF(ISNA(AQ11),NA(),120) -> 120 | AS11: =IF(ISNA(AR11),NA(),130) -> 130 | AT11: =IF(ISNA(AS11),NA(),140) -> 140 | AU11: =IF(ISNA(AT11),NA(),160) -> 160 | AV11: 50 | AW11: 65 | AX11: 75 | AY11: 85 | AZ11: 100 | BA11: 115 | BB11: 125 | BC11: 135 | BD11: 150
A12: =B12*IF(Main!E4="",1,Main!E4) -> 1 | B12: =IF(Calculations!Z12="",0,1) -> 1 | C12: =IF(B12=0,0,(Calculations!Z12-100)*Main!E4*B12) -> -32.234 | E12: -2.6498011 | F12: =V12*B12 -> 70.415801 | G12: 0.88247867 | H12: =IF(B12=0,NA(),15*W12) -> 7.0552862 | I12: =(Main!C$26-100)*G12+100 -> 70.415801 | J12: =IF(OR(B12=0,W12=0),NA(),U12/W12) -> -0.3755767 | K12: =IF(OR(B12=0,W12=0),NA(),1-NORMSDIST(-ABS(J12))*2) -> 0.29276839 | L12: =IF(Main!C4="",ROW(A2),Main!C4) -> WISC-R (1974) | M12: =IF(B12=0,NA(),Calculations!Z12) -> 67.766 | N12: =IF(B12=0,NA(),F12) -> 70.415801 | O12: =N12 -> 70.415801 | P12: =H12*2 -> 14.110572 | Q12: 2 | R12: =B12*Q12 -> 2 | S12: =IF(Calculations!Z12="",0,(Calculations!Z12-100)/15) -> -2.1489333 | T12: -1.9722799 | U12: -0.17665341 | V12: =T12*15+100 -> 70.415801 | W12: =SQRT(1-G12^2) -> 0.47035241 | X12: =U12*B12 -> -0.17665341 | Y12: =ROUND(K12,MAX(2,1-(1+INT(IFERROR(LOG10(ABS(MIN(K12,1-K12))),1))))) -> 0.29 | Z12: =IF(Flynn,Main!K4,Main!L4) -> 67.766 | AA12: =IF(Main!C4="","",INDEX(Tests!I$3:I$499,MATCH(Main!C4,Tests!$J$3:$J$499,0))) -> 0.96 | AB12: =IF(AA12=0,Main!$S$1,Calculations!AA12) -> 0.96 | AC12: =IF(AA12=0,1,0) -> 0 | AE12: =IF(B12=1,Main!$C$29-RANK(R12,$R$11:$R$30,0)+1,"") -> 2 | AF12: =MATCH(Q12,$AE$11:$AE$30,0) -> 2 | AG12: =INDEX(M$11:M$30,$AF12,1) -> 67.766 | AH12: =INDEX(N$11:N$30,$AF12,1) -> 70.415801 | AI12: =INDEX(O$11:O$30,$AF12,1) -> 70.415801 | AJ12: =INDEX(P$11:P$30,$AF12,1) -> 14.110572 | AK12: =INDEX(L$11:L$30,$AF12,1) -> WISC-R (1974) | AL12: =INDEX(H$11:H$30,$AF12,1) -> 7.0552862 | AM12: =IF(ISNA(AL12),NA(),60) -> 60 | AN12: =IF(ISNA(AM12),NA(),70) -> 70 | AO12: =IF(ISNA(AN12),NA(),80) -> 80 | AP12: =IF(ISNA(AO12),NA(),90) -> 90 | AQ12: =IF(ISNA(AP12),NA(),110) -> 110 | AR12: =IF(ISNA(AQ12),NA(),120) -> 120 | AS12: =IF(ISNA(AR12),NA(),130) -> 130 | AT12: =IF(ISNA(AS12),NA(),140) -> 140 | AU12: =IF(ISNA(AT12),NA(),160) -> 160 | AV12: =NA() -> #N/A | AW12: =NA() -> #N/A | AX12: =NA() -> #N/A | AY12: =NA() -> #N/A | AZ12: =NA() -> #N/A | BA12: =NA() -> #N/A | BB12: =NA() -> #N/A | BC12: =NA() -> #N/A | BD12: =NA() -> #N/A
A13: =B13*IF(Main!E5="",1,Main!E5) -> 1 | B13: =IF(Calculations!Z13="",0,1) -> 1 | C13: =IF(B13=0,0,(Calculations!Z13-100)*Main!E5*B13) -> -29.058 | E13: 0.068076616 | F13: =V13*B13 -> 70.873923 | G13: 0.86881316 | H13: =IF(B13=0,NA(),15*W13) -> 7.427101 | I13: =(Main!C$26-100)*G13+100 -> 70.873923 | J13: =IF(OR(B13=0,W13=0),NA(),U13/W13) -> 0.0091659741 | K13: =IF(OR(B13=0,W13=0),NA(),1-NORMSDIST(-ABS(J13))*2) -> 0.0073132868 | L13: =IF(Main!C5="",ROW(A3),Main!C5) -> WAIS-III (1997) | M13: =IF(B13=0,NA(),Calculations!Z13) -> 70.942 | N13: =IF(B13=0,NA(),F13) -> 70.873923 | O13: =N13 -> 70.873923 | P13: =H13*2 -> 14.854202 | Q13: 3 | R13: =B13*Q13 -> 3 | S13: =IF(Calculations!Z13="",0,(Calculations!Z13-100)/15) -> -1.9372 | T13: -1.9417384 | U13: 0.004538441 | V13: =T13*15+100 -> 70.873923 | W13: =SQRT(1-G13^2) -> 0.49514007 | X13: =U13*B13 -> 0.004538441 | Y13: =ROUND(K13,MAX(2,1-(1+INT(IFERROR(LOG10(ABS(MIN(K13,1-K13))),1))))) -> 0.007 | Z13: =IF(Flynn,Main!K5,Main!L5) -> 70.942 | AA13: =IF(Main!C5="","",INDEX(Tests!I$3:I$499,MATCH(Main!C5,Tests!$J$3:$J$499,0))) -> 0.98 | AB13: =IF(AA13=0,Main!$S$1,Calculations!AA13) -> 0.98 | AC13: =IF(AA13=0,1,0) -> 0 | AE13: =IF(B13=1,Main!$C$29-RANK(R13,$R$11:$R$30,0)+1,"") -> 3 | AF13: =MATCH(Q13,$AE$11:$AE$30,0) -> 3 | AG13: =INDEX(M$11:M$30,$AF13,1) -> 70.942 | AH13: =INDEX(N$11:N$30,$AF13,1) -> 70.873923 | AI13: =INDEX(O$11:O$30,$AF13,1) -> 70.873923 | AJ13: =INDEX(P$11:P$30,$AF13,1) -> 14.854202 | AK13: =INDEX(L$11:L$30,$AF13,1) -> WAIS-III (1997) | AL13: =INDEX(H$11:H$30,$AF13,1) -> 7.427101 | AM13: =IF(ISNA(AL13),NA(),60) -> 60 | AN13: =IF(ISNA(AM13),NA(),70) -> 70 | AO13: =IF(ISNA(AN13),NA(),80) -> 80 | AP13: =IF(ISNA(AO13),NA(),90) -> 90 | AQ13: =IF(ISNA(AP13),NA(),110) -> 110 | AR13: =IF(ISNA(AQ13),NA(),120) -> 120 | AS13: =IF(ISNA(AR13),NA(),130) -> 130 | AT13: =IF(ISNA(AS13),NA(),140) -> 140 | AU13: =IF(ISNA(AT13),NA(),160) -> 160 | AV13: =NA() -> #N/A | AW13: =NA() -> #N/A | AX13: =NA() -> #N/A | AY13: =NA() -> #N/A | AZ13: =NA() -> #N/A | BA13: =NA() -> #N/A | BB13: =NA() -> #N/A | BC13: =NA() -> #N/A | BD13: =NA() -> #N/A
A14: =B14*IF(Main!E6="",1,Main!E6) -> 1 | B14: =IF(Calculations!Z14="",0,1) -> 1 | C14: =IF(B14=0,0,(Calculations!Z14-100)*Main!E6*B14) -> -23.704 | E14: 3.4710341 | F14: =V14*B14 -> 72.824966 | G14: 0.81061475 | H14: =IF(B14=0,NA(),15*W14) -> 8.7836973 | I14: =(Main!C$26-100)*G14+100 -> 72.824966 | J14: =IF(OR(B14=0,W14=0),NA(),U14/W14) -> 0.39516777 | K14: =IF(OR(B14=0,W14=0),NA(),1-NORMSDIST(-ABS(J14))*2) -> 0.30728093 | L14: =IF(Main!C6="",ROW(A4),Main!C6) -> SB5 (2003) | M14: =IF(B14=0,NA(),Calculations!Z14) -> 76.296 | N14: =IF(B14=0,NA(),F14) -> 72.824966 | O14: =N14 -> 72.824966 | P14: =H14*2 -> 17.567395 | Q14: 4 | R14: =B14*Q14 -> 4 | S14: =IF(Calculations!Z14="",0,(Calculations!Z14-100)/15) -> -1.5802667 | T14: -1.8116689 | U14: 0.23140227 | V14: =T14*15+100 -> 72.824966 | W14: =SQRT(1-G14^2) -> 0.58557982 | X14: =U14*B14 -> 0.23140227 | Y14: =ROUND(K14,MAX(2,1-(1+INT(IFERROR(LOG10(ABS(MIN(K14,1-K14))),1))))) -> 0.31 | Z14: =IF(Flynn,Main!K6,Main!L6) -> 76.296 | AA14: =IF(Main!C6="","",INDEX(Tests!I$3:I$499,MATCH(Main!C6,Tests!$J$3:$J$499,0))) -> 0.98 | AB14: =IF(AA14=0,Main!$S$1,Calculations!AA14) -> 0.98 | AC14: =IF(AA14=0,1,0) -> 0 | AE14: =IF(B14=1,Main!$C$29-RANK(R14,$R$11:$R$30,0)+1,"") -> 4 | AF14: =MATCH(Q14,$AE$11:$AE$30,0) -> 4 | AG14: =INDEX(M$11:M$30,$AF14,1) -> 76.296 | AH14: =INDEX(N$11:N$30,$AF14,1) -> 72.824966 | AI14: =INDEX(O$11:O$30,$AF14,1) -> 72.824966 | AJ14: =INDEX(P$11:P$30,$AF14,1) -> 17.567395 | AK14: =INDEX(L$11:L$30,$AF14,1) -> SB5 (2003) | AL14: =INDEX(H$11:H$30,$AF14,1) -> 8.7836973 | AM14: =IF(ISNA(AL14),NA(),60) -> 60 | AN14: =IF(ISNA(AM14),NA(),70) -> 70 | AO14: =IF(ISNA(AN14),NA(),80) -> 80 | AP14: =IF(ISNA(AO14),NA(),90) -> 90 | AQ14: =IF(ISNA(AP14),NA(),110) -> 110 | AR14: =IF(ISNA(AQ14),NA(),120) -> 120 | AS14: =IF(ISNA(AR14),NA(),130) -> 130 | AT14: =IF(ISNA(AS14),NA(),140) -> 140 | AU14: =IF(ISNA(AT14),NA(),160) -> 160 | AV14: =NA() -> #N/A | AW14: =NA() -> #N/A | AX14: =NA() -> #N/A | AY14: =NA() -> #N/A | AZ14: =NA() -> #N/A | BA14: =NA() -> #N/A | BB14: =NA() -> #N/A | BC14: =NA() -> #N/A | BD14: =NA() -> #N/A
A15: =B15*IF(Main!E7="",1,Main!E7) -> 1 | B15: =IF(Calculations!Z15="",0,1) -> 1 | C15: =IF(B15=0,0,(Calculations!Z15-100)*Main!E7*B15) -> -33.8 | E15: -4.3073967 | F15: =V15*B15 -> 70.507397 | G15: 0.87974643 | H15: =IF(B15=0,NA(),15*W15) -> 7.1316476 | I15: =(Main!C$26-100)*G15+100 -> 70.507397 | J15: =IF(OR(B15=0,W15=0),NA(),U15/W15) -> -0.60398339 | K15: =IF(OR(B15=0,W15=0),NA(),1-NORMSDIST(-ABS(J15))*2) -> 0.45414531 | L15: =IF(Main!C7="",ROW(A5),Main!C7) -> WAIS-IV (2008) | M15: =IF(B15=0,NA(),Calculations!Z15) -> 66.2 | N15: =IF(B15=0,NA(),F15) -> 70.507397 | O15: =N15 -> 70.507397 | P15: =H15*2 -> 14.263295 | Q15: 5 | R15: =B15*Q15 -> 5 | S15: =IF(Calculations!Z15="",0,(Calculations!Z15-100)/15) -> -2.2533333 | T15: -1.9661736 | U15: -0.28715978 | V15: =T15*15+100 -> 70.507397 | W15: =SQRT(1-G15^2) -> 0.47544318 | X15: =U15*B15 -> -0.28715978 | Y15: =ROUND(K15,MAX(2,1-(1+INT(IFERROR(LOG10(ABS(MIN(K15,1-K15))),1))))) -> 0.45 | Z15: =IF(Flynn,Main!K7,Main!L7) -> 66.2 | AA15: =IF(Main!C7="","",INDEX(Tests!I$3:I$499,MATCH(Main!C7,Tests!$J$3:$J$499,0))) -> 0.98 | AB15: =IF(AA15=0,Main!$S$1,Calculations!AA15) -> 0.98 | AC15: =IF(AA15=0,1,0) -> 0 | AE15: =IF(B15=1,Main!$C$29-RANK(R15,$R$11:$R$30,0)+1,"") -> 5 | AF15: =MATCH(Q15,$AE$11:$AE$30,0) -> 5 | AG15: =INDEX(M$11:M$30,$AF15,1) -> 66.2 | AH15: =INDEX(N$11:N$30,$AF15,1) -> 70.507397 | AI15: =INDEX(O$11:O$30,$AF15,1) -> 70.507397 | AJ15: =INDEX(P$11:P$30,$AF15,1) -> 14.263295 | AK15: =INDEX(L$11:L$30,$AF15,1) -> WAIS-IV (2008) | AL15: =INDEX(H$11:H$30,$AF15,1) -> 7.1316476 | AM15: =IF(ISNA(AL15),NA(),60) -> 60 | AN15: =IF(ISNA(AM15),NA(),70) -> 70 | AO15: =IF(ISNA(AN15),NA(),80) -> 80 | AP15: =IF(ISNA(AO15),NA(),90) -> 90 | AQ15: =IF(ISNA(AP15),NA(),110) -> 110 | AR15: =IF(ISNA(AQ15),NA(),120) -> 120 | AS15: =IF(ISNA(AR15),NA(),130) -> 130 | AT15: =IF(ISNA(AS15),NA(),140) -> 140 | AU15: =IF(ISNA(AT15),NA(),160) -> 160 | AV15: =NA() -> #N/A | AW15: =NA() -> #N/A | AX15: =NA() -> #N/A | AY15: =NA() -> #N/A | AZ15: =NA() -> #N/A | BA15: =NA() -> #N/A | BB15: =NA() -> #N/A | BC15: =NA() -> #N/A | BD15: =NA() -> #N/A
A16: =B16*IF(Main!E8="",1,Main!E8) -> 0 | B16: =IF(Calculations!Z16="",0,1) -> 0 | C16: =IF(B16=0,0,(Calculations!Z16-100)*Main!E8*B16) -> 0 | E16: 0 | F16: =V16*B16 -> 0 | G16: 0 | H16: =IF(B16=0,NA(),15*W16) -> #N/A | I16: =(Main!C$26-100)*G16+100 -> 100 | J16: =IF(OR(B16=0,W16=0),NA(),U16/W16) -> #N/A | K16: =IF(OR(B16=0,W16=0),NA(),1-NORMSDIST(-ABS(J16))*2) -> #N/A | L16: =IF(Main!C8="",ROW(A6),Main!C8) -> 6 | M16: =IF(B16=0,NA(),Calculations!Z16) -> #N/A | N16: =IF(B16=0,NA(),F16) -> #N/A | O16: =N16 -> #N/A | P16: =H16*2 -> #N/A | Q16: 6 | R16: =B16*Q16 -> 0 | S16: =IF(Calculations!Z16="",0,(Calculations!Z16-100)/15) -> 0 | T16: 0 | U16: 0 | V16: =T16*15+100 -> 100 | W16: =SQRT(1-G16^2) -> 1 | X16: =U16*B16 -> 0 | Y16: =ROUND(K16,MAX(2,1-(1+INT(IFERROR(LOG10(ABS(MIN(K16,1-K16))),1))))) -> #N/A | Z16: =IF(Flynn,Main!K8,Main!L8) | AA16: =IF(Main!C8="","",INDEX(Tests!I$3:I$499,MATCH(Main!C8,Tests!$J$3:$J$499,0))) | AB16: =IF(AA16=0,Main!$S$1,Calculations!AA16) | AC16: =IF(AA16=0,1,0) -> 0 | AE16: =IF(B16=1,Main!$C$29-RANK(R16,$R$11:$R$30,0)+1,"") | AF16: =MATCH(Q16,$AE$11:$AE$30,0) -> #N/A | AG16: =INDEX(M$11:M$30,$AF16,1) -> #N/A | AH16: =INDEX(N$11:N$30,$AF16,1) -> #N/A | AI16: =INDEX(O$11:O$30,$AF16,1) -> #N/A | AJ16: =INDEX(P$11:P$30,$AF16,1) -> #N/A | AK16: =INDEX(L$11:L$30,$AF16,1) -> #N/A | AL16: =INDEX(H$11:H$30,$AF16,1) -> #N/A | AM16: =IF(ISNA(AL16),NA(),60) -> #N/A | AN16: =IF(ISNA(AM16),NA(),70) -> #N/A | AO16: =IF(ISNA(AN16),NA(),80) -> #N/A | AP16: =IF(ISNA(AO16),NA(),90) -> #N/A | AQ16: =IF(ISNA(AP16),NA(),110) -> #N/A | AR16: =IF(ISNA(AQ16),NA(),120) -> #N/A | AS16: =IF(ISNA(AR16),NA(),130) -> #N/A | AT16: =IF(ISNA(AS16),NA(),140) -> #N/A | AU16: =IF(ISNA(AT16),NA(),160) -> #N/A | AV16: =NA() -> #N/A | AW16: =NA() -> #N/A | AX16: =NA() -> #N/A | AY16: =NA() -> #N/A | AZ16: =NA() -> #N/A | BA16: =NA() -> #N/A | BB16: =NA() -> #N/A | BC16: =NA() -> #N/A | BD16: =NA() -> #N/A
A17: =B17*IF(Main!E9="",1,Main!E9) -> 0 | B17: =IF(Calculations!Z17="",0,1) -> 0 | C17: =IF(B17=0,0,(Calculations!Z17-100)*Main!E9*B17) -> 0 | E17: 0 | F17: =V17*B17 -> 0 | G17: 0 | H17: =IF(B17=0,NA(),15*W17) -> #N/A | I17: =(Main!C$26-100)*G17+100 -> 100 | J17: =IF(OR(B17=0,W17=0),NA(),U17/W17) -> #N/A | K17: =IF(OR(B17=0,W17=0),NA(),1-NORMSDIST(-ABS(J17))*2) -> #N/A | L17: =IF(Main!C9="",ROW(A7),Main!C9) -> 7 | M17: =IF(B17=0,NA(),Calculations!Z17) -> #N/A | N17: =IF(B17=0,NA(),F17) -> #N/A | O17: =N17 -> #N/A | P17: =H17*2 -> #N/A | Q17: 7 | R17: =B17*Q17 -> 0 | S17: =IF(Calculations!Z17="",0,(Calculations!Z17-100)/15) -> 0 | T17: 0 | U17: 0 | V17: =T17*15+100 -> 100 | W17: =SQRT(1-G17^2) -> 1 | X17: =U17*B17 -> 0 | Y17: =ROUND(K17,MAX(2,1-(1+INT(IFERROR(LOG10(ABS(MIN(K17,1-K17))),1))))) -> #N/A | Z17: =IF(Flynn,Main!K9,Main!L9) | AA17: =IF(Main!C9="","",INDEX(Tests!I$3:I$499,MATCH(Main!C9,Tests!$J$3:$J$499,0))) | AB17: =IF(AA17=0,Main!$S$1,Calculations!AA17) | AC17: =IF(AA17=0,1,0) -> 0 | AE17: =IF(B17=1,Main!$C$29-RANK(R17,$R$11:$R$30,0)+1,"") | AF17: =MATCH(Q17,$AE$11:$AE$30,0) -> #N/A | AG17: =INDEX(M$11:M$30,$AF17,1) -> #N/A | AH17: =INDEX(N$11:N$30,$AF17,1) -> #N/A | AI17: =INDEX(O$11:O$30,$AF17,1) -> #N/A | AJ17: =INDEX(P$11:P$30,$AF17,1) -> #N/A | AK17: =INDEX(L$11:L$30,$AF17,1) -> #N/A | AL17: =INDEX(H$11:H$30,$AF17,1) -> #N/A | AM17: =IF(ISNA(AL17),NA(),60) -> #N/A | AN17: =IF(ISNA(AM17),NA(),70) -> #N/A | AO17: =IF(ISNA(AN17),NA(),80) -> #N/A | AP17: =IF(ISNA(AO17),NA(),90) -> #N/A | AQ17: =IF(ISNA(AP17),NA(),110) -> #N/A | AR17: =IF(ISNA(AQ17),NA(),120) -> #N/A | AS17: =IF(ISNA(AR17),NA(),130) -> #N/A | AT17: =IF(ISNA(AS17),NA(),140) -> #N/A | AU17: =IF(ISNA(AT17),NA(),160) -> #N/A | AV17: =NA() -> #N/A | AW17: =NA() -> #N/A | AX17: =NA() -> #N/A | AY17: =NA() -> #N/A | AZ17: =NA() -> #N/A | BA17: =NA() -> #N/A | BB17: =NA() -> #N/A | BC17: =NA() -> #N/A | BD17: =NA() -> #N/A
A18: =B18*IF(Main!E10="",1,Main!E10) -> 0 | B18: =IF(Calculations!Z18="",0,1) -> 0 | C18: =IF(B18=0,0,(Calculations!Z18-100)*Main!E10*B18) -> 0 | E18: 0 | F18: =V18*B18 -> 0 | G18: 0 | H18: =IF(B18=0,NA(),15*W18) -> #N/A | I18: =(Main!C$26-100)*G18+100 -> 100 | J18: =IF(OR(B18=0,W18=0),NA(),U18/W18) -> #N/A | K18: =IF(OR(B18=0,W18=0),NA(),1-NORMSDIST(-ABS(J18))*2) -> #N/A | L18: =IF(Main!C10="",ROW(A8),Main!C10) -> 8 | M18: =IF(B18=0,NA(),Calculations!Z18) -> #N/A | N18: =IF(B18=0,NA(),F18) -> #N/A | O18: =N18 -> #N/A | P18: =H18*2 -> #N/A | Q18: 8 | R18: =B18*Q18 -> 0 | S18: =IF(Calculations!Z18="",0,(Calculations!Z18-100)/15) -> 0 | T18: 0 | U18: 0 | V18: =T18*15+100 -> 100 | W18: =SQRT(1-G18^2) -> 1 | X18: =U18*B18 -> 0 | Y18: =ROUND(K18,MAX(2,1-(1+INT(IFERROR(LOG10(ABS(MIN(K18,1-K18))),1))))) -> #N/A | Z18: =IF(Flynn,Main!K10,Main!L10) | AA18: =IF(Main!C10="","",INDEX(Tests!I$3:I$499,MATCH(Main!C10,Tests!$J$3:$J$499,0))) | AB18: =IF(AA18=0,Main!$S$1,Calculations!AA18) | AC18: =IF(AA18=0,1,0) -> 0 | AE18: =IF(B18=1,Main!$C$29-RANK(R18,$R$11:$R$30,0)+1,"") | AF18: =MATCH(Q18,$AE$11:$AE$30,0) -> #N/A | AG18: =INDEX(M$11:M$30,$AF18,1) -> #N/A | AH18: =INDEX(N$11:N$30,$AF18,1) -> #N/A | AI18: =INDEX(O$11:O$30,$AF18,1) -> #N/A | AJ18: =INDEX(P$11:P$30,$AF18,1) -> #N/A | AK18: =INDEX(L$11:L$30,$AF18,1) -> #N/A | AL18: =INDEX(H$11:H$30,$AF18,1) -> #N/A | AM18: =IF(ISNA(AL18),NA(),60) -> #N/A | AN18: =IF(ISNA(AM18),NA(),70) -> #N/A | AO18: =IF(ISNA(AN18),NA(),80) -> #N/A | AP18: =IF(ISNA(AO18),NA(),90) -> #N/A | AQ18: =IF(ISNA(AP18),NA(),110) -> #N/A | AR18: =IF(ISNA(AQ18),NA(),120) -> #N/A | AS18: =IF(ISNA(AR18),NA(),130) -> #N/A | AT18: =IF(ISNA(AS18),NA(),140) -> #N/A | AU18: =IF(ISNA(AT18),NA(),160) -> #N/A | AV18: =NA() -> #N/A | AW18: =NA() -> #N/A | AX18: =NA() -> #N/A | AY18: =NA() -> #N/A | AZ18: =NA() -> #N/A | BA18: =NA() -> #N/A | BB18: =NA() -> #N/A | BC18: =NA() -> #N/A | BD18: =NA() -> #N/A
A19: =B19*IF(Main!E11="",1,Main!E11) -> 0 | B19: =IF(Calculations!Z19="",0,1) -> 0 | C19: =IF(B19=0,0,(Calculations!Z19-100)*Main!E11*B19) -> 0 | E19: 0 | F19: =V19*B19 -> 0 | G19: 0 | H19: =IF(B19=0,NA(),15*W19) -> #N/A | I19: =(Main!C$26-100)*G19+100 -> 100 | J19: =IF(OR(B19=0,W19=0),NA(),U19/W19) -> #N/A | K19: =IF(OR(B19=0,W19=0),NA(),1-NORMSDIST(-ABS(J19))*2) -> #N/A | L19: =IF(Main!C11="",ROW(A9),Main!C11) -> 9 | M19: =IF(B19=0,NA(),Calculations!Z19) -> #N/A | N19: =IF(B19=0,NA(),F19) -> #N/A | O19: =N19 -> #N/A | P19: =H19*2 -> #N/A | Q19: 9 | R19: =B19*Q19 -> 0 | S19: =IF(Calculations!Z19="",0,(Calculations!Z19-100)/15) -> 0 | T19: 0 | U19: 0 | V19: =T19*15+100 -> 100 | W19: =SQRT(1-G19^2) -> 1 | X19: =U19*B19 -> 0 | Y19: =ROUND(K19,MAX(2,1-(1+INT(IFERROR(LOG10(ABS(MIN(K19,1-K19))),1))))) -> #N/A | Z19: =IF(Flynn,Main!K11,Main!L11) | AA19: =IF(Main!C11="","",INDEX(Tests!I$3:I$499,MATCH(Main!C11,Tests!$J$3:$J$499,0))) | AB19: =IF(AA19=0,Main!$S$1,Calculations!AA19) | AC19: =IF(AA19=0,1,0) -> 0 | AE19: =IF(B19=1,Main!$C$29-RANK(R19,$R$11:$R$30,0)+1,"") | AF19: =MATCH(Q19,$AE$11:$AE$30,0) -> #N/A | AG19: =INDEX(M$11:M$30,$AF19,1) -> #N/A | AH19: =INDEX(N$11:N$30,$AF19,1) -> #N/A | AI19: =INDEX(O$11:O$30,$AF19,1) -> #N/A | AJ19: =INDEX(P$11:P$30,$AF19,1) -> #N/A | AK19: =INDEX(L$11:L$30,$AF19,1) -> #N/A | AL19: =INDEX(H$11:H$30,$AF19,1) -> #N/A | AM19: =IF(ISNA(AL19),NA(),60) -> #N/A | AN19: =IF(ISNA(AM19),NA(),70) -> #N/A | AO19: =IF(ISNA(AN19),NA(),80) -> #N/A | AP19: =IF(ISNA(AO19),NA(),90) -> #N/A | AQ19: =IF(ISNA(AP19),NA(),110) -> #N/A | AR19: =IF(ISNA(AQ19),NA(),120) -> #N/A | AS19: =IF(ISNA(AR19),NA(),130) -> #N/A | AT19: =IF(ISNA(AS19),NA(),140) -> #N/A | AU19: =IF(ISNA(AT19),NA(),160) -> #N/A | AV19: =NA() -> #N/A | AW19: =NA() -> #N/A | AX19: =NA() -> #N/A | AY19: =NA() -> #N/A | AZ19: =NA() -> #N/A | BA19: =NA() -> #N/A | BB19: =NA() -> #N/A | BC19: =NA() -> #N/A | BD19: =NA() -> #N/A
A20: =B20*IF(Main!E12="",1,Main!E12) -> 0 | B20: =IF(Calculations!Z20="",0,1) -> 0 | C20: =IF(B20=0,0,(Calculations!Z20-100)*Main!E12*B20) -> 0 | E20: 0 | F20: =V20*B20 -> 0 | G20: 0 | H20: =IF(B20=0,NA(),15*W20) -> #N/A | I20: =(Main!C$26-100)*G20+100 -> 100 | J20: =IF(OR(B20=0,W20=0),NA(),U20/W20) -> #N/A | K20: =IF(OR(B20=0,W20=0),NA(),1-NORMSDIST(-ABS(J20))*2) -> #N/A | L20: =IF(Main!C12="",ROW(A10),Main!C12) -> 10 | M20: =IF(B20=0,NA(),Calculations!Z20) -> #N/A | N20: =IF(B20=0,NA(),F20) -> #N/A | O20: =N20 -> #N/A | P20: =H20*2 -> #N/A | Q20: 10 | R20: =B20*Q20 -> 0 | S20: =IF(Calculations!Z20="",0,(Calculations!Z20-100)/15) -> 0 | T20: 0 | U20: 0 | V20: =T20*15+100 -> 100 | W20: =SQRT(1-G20^2) -> 1 | X20: =U20*B20 -> 0 | Y20: =ROUND(K20,MAX(2,1-(1+INT(IFERROR(LOG10(ABS(MIN(K20,1-K20))),1))))) -> #N/A | Z20: =IF(Flynn,Main!K12,Main!L12) | AA20: =IF(Main!C12="","",INDEX(Tests!I$3:I$499,MATCH(Main!C12,Tests!$J$3:$J$499,0))) | AB20: =IF(AA20=0,Main!$S$1,Calculations!AA20) | AC20: =IF(AA20=0,1,0) -> 0 | AE20: =IF(B20=1,Main!$C$29-RANK(R20,$R$11:$R$30,0)+1,"") | AF20: =MATCH(Q20,$AE$11:$AE$30,0) -> #N/A | AG20: =INDEX(M$11:M$30,$AF20,1) -> #N/A | AH20: =INDEX(N$11:N$30,$AF20,1) -> #N/A | AI20: =INDEX(O$11:O$30,$AF20,1) -> #N/A | AJ20: =INDEX(P$11:P$30,$AF20,1) -> #N/A | AK20: =INDEX(L$11:L$30,$AF20,1) -> #N/A | AL20: =INDEX(H$11:H$30,$AF20,1) -> #N/A | AM20: =IF(ISNA(AL20),NA(),60) -> #N/A | AN20: =IF(ISNA(AM20),NA(),70) -> #N/A | AO20: =IF(ISNA(AN20),NA(),80) -> #N/A | AP20: =IF(ISNA(AO20),NA(),90) -> #N/A | AQ20: =IF(ISNA(AP20),NA(),110) -> #N/A | AR20: =IF(ISNA(AQ20),NA(),120) -> #N/A | AS20: =IF(ISNA(AR20),NA(),130) -> #N/A | AT20: =IF(ISNA(AS20),NA(),140) -> #N/A | AU20: =IF(ISNA(AT20),NA(),160) -> #N/A | AV20: =NA() -> #N/A | AW20: =NA() -> #N/A | AX20: =NA() -> #N/A | AY20: =NA() -> #N/A | AZ20: =NA() -> #N/A | BA20: =NA() -> #N/A | BB20: =NA() -> #N/A | BC20: =NA() -> #N/A | BD20: =NA() -> #N/A
A21: =B21*IF(Main!E13="",1,Main!E13) -> 0 | B21: =IF(Calculations!Z21="",0,1) -> 0 | C21: =IF(B21=0,0,(Calculations!Z21-100)*Main!E13*B21) -> 0 | E21: 0 | F21: =V21*B21 -> 0 | G21: 0 | H21: =IF(B21=0,NA(),15*W21) -> #N/A | I21: =(Main!C$26-100)*G21+100 -> 100 | J21: =IF(OR(B21=0,W21=0),NA(),U21/W21) -> #N/A | K21: =IF(OR(B21=0,W21=0),NA(),1-NORMSDIST(-ABS(J21))*2) -> #N/A | L21: =IF(Main!C13="",ROW(A11),Main!C13) -> 11 | M21: =IF(B21=0,NA(),Calculations!Z21) -> #N/A | N21: =IF(B21=0,NA(),F21) -> #N/A | O21: =N21 -> #N/A | P21: =H21*2 -> #N/A | Q21: 11 | R21: =B21*Q21 -> 0 | S21: =IF(Calculations!Z21="",0,(Calculations!Z21-100)/15) -> 0 | T21: 0 | U21: 0 | V21: =T21*15+100 -> 100 | W21: =SQRT(1-G21^2) -> 1 | X21: =U21*B21 -> 0 | Y21: =ROUND(K21,MAX(2,1-(1+INT(IFERROR(LOG10(ABS(MIN(K21,1-K21))),1))))) -> #N/A | Z21: =IF(Flynn,Main!K13,Main!L13) | AA21: =IF(Main!C13="","",INDEX(Tests!I$3:I$499,MATCH(Main!C13,Tests!$J$3:$J$499,0))) | AB21: =IF(AA21=0,Main!$S$1,Calculations!AA21) | AC21: =IF(AA21=0,1,0) -> 0 | AE21: =IF(B21=1,Main!$C$29-RANK(R21,$R$11:$R$30,0)+1,"") | AF21: =MATCH(Q21,$AE$11:$AE$30,0) -> #N/A | AG21: =INDEX(M$11:M$30,$AF21,1) -> #N/A | AH21: =INDEX(N$11:N$30,$AF21,1) -> #N/A | AI21: =INDEX(O$11:O$30,$AF21,1) -> #N/A | AJ21: =INDEX(P$11:P$30,$AF21,1) -> #N/A | AK21: =INDEX(L$11:L$30,$AF21,1) -> #N/A | AL21: =INDEX(H$11:H$30,$AF21,1) -> #N/A | AM21: =IF(ISNA(AL21),NA(),60) -> #N/A | AN21: =IF(ISNA(AM21),NA(),70) -> #N/A | AO21: =IF(ISNA(AN21),NA(),80) -> #N/A | AP21: =IF(ISNA(AO21),NA(),90) -> #N/A | AQ21: =IF(ISNA(AP21),NA(),110) -> #N/A | AR21: =IF(ISNA(AQ21),NA(),120) -> #N/A | AS21: =IF(ISNA(AR21),NA(),130) -> #N/A | AT21: =IF(ISNA(AS21),NA(),140) -> #N/A | AU21: =IF(ISNA(AT21),NA(),160) -> #N/A | AV21: =NA() -> #N/A | AW21: =NA() -> #N/A | AX21: =NA() -> #N/A | AY21: =NA() -> #N/A | AZ21: =NA() -> #N/A | BA21: =NA() -> #N/A | BB21: =NA() -> #N/A | BC21: =NA() -> #N/A | BD21: =NA() -> #N/A
A22: =B22*IF(Main!E14="",1,Main!E14) -> 0 | B22: =IF(Calculations!Z22="",0,1) -> 0 | C22: =IF(B22=0,0,(Calculations!Z22-100)*Main!E14*B22) -> 0 | E22: 0 | F22: =V22*B22 -> 0 | G22: 0 | H22: =IF(B22=0,NA(),15*W22) -> #N/A | I22: =(Main!C$26-100)*G22+100 -> 100 | J22: =IF(OR(B22=0,W22=0),NA(),U22/W22) -> #N/A | K22: =IF(OR(B22=0,W22=0),NA(),1-NORMSDIST(-ABS(J22))*2) -> #N/A | L22: =IF(Main!C14="",ROW(A12),Main!C14) -> 12 | M22: =IF(B22=0,NA(),Calculations!Z22) -> #N/A | N22: =IF(B22=0,NA(),F22) -> #N/A | O22: =N22 -> #N/A | P22: =H22*2 -> #N/A | Q22: 12 | R22: =B22*Q22 -> 0 | S22: =IF(Calculations!Z22="",0,(Calculations!Z22-100)/15) -> 0 | T22: 0 | U22: 0 | V22: =T22*15+100 -> 100 | W22: =SQRT(1-G22^2) -> 1 | X22: =U22*B22 -> 0 | Y22: =ROUND(K22,MAX(2,1-(1+INT(IFERROR(LOG10(ABS(MIN(K22,1-K22))),1))))) -> #N/A | Z22: =IF(Flynn,Main!K14,Main!L14) | AA22: =IF(Main!C14="","",INDEX(Tests!I$3:I$499,MATCH(Main!C14,Tests!$J$3:$J$499,0))) | AB22: =IF(AA22=0,Main!$S$1,Calculations!AA22) | AC22: =IF(AA22=0,1,0) -> 0 | AE22: =IF(B22=1,Main!$C$29-RANK(R22,$R$11:$R$30,0)+1,"") | AF22: =MATCH(Q22,$AE$11:$AE$30,0) -> #N/A | AG22: =INDEX(M$11:M$30,$AF22,1) -> #N/A | AH22: =INDEX(N$11:N$30,$AF22,1) -> #N/A | AI22: =INDEX(O$11:O$30,$AF22,1) -> #N/A | AJ22: =INDEX(P$11:P$30,$AF22,1) -> #N/A | AK22: =INDEX(L$11:L$30,$AF22,1) -> #N/A | AL22: =INDEX(H$11:H$30,$AF22,1) -> #N/A | AM22: =IF(ISNA(AL22),NA(),60) -> #N/A | AN22: =IF(ISNA(AM22),NA(),70) -> #N/A | AO22: =IF(ISNA(AN22),NA(),80) -> #N/A | AP22: =IF(ISNA(AO22),NA(),90) -> #N/A | AQ22: =IF(ISNA(AP22),NA(),110) -> #N/A | AR22: =IF(ISNA(AQ22),NA(),120) -> #N/A | AS22: =IF(ISNA(AR22),NA(),130) -> #N/A | AT22: =IF(ISNA(AS22),NA(),140) -> #N/A | AU22: =IF(ISNA(AT22),NA(),160) -> #N/A | AV22: =NA() -> #N/A | AW22: =NA() -> #N/A | AX22: =NA() -> #N/A | AY22: =NA() -> #N/A | AZ22: =NA() -> #N/A | BA22: =NA() -> #N/A | BB22: =NA() -> #N/A | BC22: =NA() -> #N/A | BD22: =NA() -> #N/A
A23: =B23*IF(Main!E15="",1,Main!E15) -> 0 | B23: =IF(Calculations!Z23="",0,1) -> 0 | C23: =IF(B23=0,0,(Calculations!Z23-100)*Main!E15*B23) -> 0 | E23: 0 | F23: =V23*B23 -> 0 | G23: 0 | H23: =IF(B23=0,NA(),15*W23) -> #N/A | I23: =(Main!C$26-100)*G23+100 -> 100 | J23: =IF(OR(B23=0,W23=0),NA(),U23/W23) -> #N/A | K23: =IF(OR(B23=0,W23=0),NA(),1-NORMSDIST(-ABS(J23))*2) -> #N/A | L23: =IF(Main!C15="",ROW(A13),Main!C15) -> 13 | M23: =IF(B23=0,NA(),Calculations!Z23) -> #N/A | N23: =IF(B23=0,NA(),F23) -> #N/A | O23: =N23 -> #N/A | P23: =H23*2 -> #N/A | Q23: 13 | R23: =B23*Q23 -> 0 | S23: =IF(Calculations!Z23="",0,(Calculations!Z23-100)/15) -> 0 | T23: 0 | U23: 0 | V23: =T23*15+100 -> 100 | W23: =SQRT(1-G23^2) -> 1 | X23: =U23*B23 -> 0 | Y23: =ROUND(K23,MAX(2,1-(1+INT(IFERROR(LOG10(ABS(MIN(K23,1-K23))),1))))) -> #N/A | Z23: =IF(Flynn,Main!K15,Main!L15) | AA23: =IF(Main!C15="","",INDEX(Tests!I$3:I$499,MATCH(Main!C15,Tests!$J$3:$J$499,0))) | AB23: =IF(AA23=0,Main!$S$1,Calculations!AA23) | AC23: =IF(AA23=0,1,0) -> 0 | AE23: =IF(B23=1,Main!$C$29-RANK(R23,$R$11:$R$30,0)+1,"") | AF23: =MATCH(Q23,$AE$11:$AE$30,0) -> #N/A | AG23: =INDEX(M$11:M$30,$AF23,1) -> #N/A | AH23: =INDEX(N$11:N$30,$AF23,1) -> #N/A | AI23: =INDEX(O$11:O$30,$AF23,1) -> #N/A | AJ23: =INDEX(P$11:P$30,$AF23,1) -> #N/A | AK23: =INDEX(L$11:L$30,$AF23,1) -> #N/A | AL23: =INDEX(H$11:H$30,$AF23,1) -> #N/A | AM23: =IF(ISNA(AL23),NA(),60) -> #N/A | AN23: =IF(ISNA(AM23),NA(),70) -> #N/A | AO23: =IF(ISNA(AN23),NA(),80) -> #N/A | AP23: =IF(ISNA(AO23),NA(),90) -> #N/A | AQ23: =IF(ISNA(AP23),NA(),110) -> #N/A | AR23: =IF(ISNA(AQ23),NA(),120) -> #N/A | AS23: =IF(ISNA(AR23),NA(),130) -> #N/A | AT23: =IF(ISNA(AS23),NA(),140) -> #N/A | AU23: =IF(ISNA(AT23),NA(),160) -> #N/A | AV23: =NA() -> #N/A | AW23: =NA() -> #N/A | AX23: =NA() -> #N/A | AY23: =NA() -> #N/A | AZ23: =NA() -> #N/A | BA23: =NA() -> #N/A | BB23: =NA() -> #N/A | BC23: =NA() -> #N/A | BD23: =NA() -> #N/A
... A30: =B30*IF(Main!E22="",1,Main!E22) -> 0 | B30: =IF(Calculations!Z30="",0,1) -> 0 | C30: =IF(B30=0,0,(Calculations!Z30-100)*Main!E22*B30) -> 0 | E30: 0 | F30: =V30*B30 -> 0 | G30: 0 | H30: =IF(B30=0,NA(),15*W30) -> #N/A | I30: =(Main!C$26-100)*G30+100 -> 100 | J30: =IF(OR(B30=0,W30=0),NA(),U30/W30) -> #N/A | K30: =IF(OR(B30=0,W30=0),NA(),1-NORMSDIST(-ABS(J30))*2) -> #N/A | L30: =IF(Main!C22="",ROW(A20),Main!C22) -> 20 | M30: =IF(B30=0,NA(),Calculations!Z30) -> #N/A | N30: =IF(B30=0,NA(),F30) -> #N/A | O30: =N30 -> #N/A | P30: =H30*2 -> #N/A | Q30: 20 | R30: =B30*Q30 -> 0 | S30: =IF(Calculations!Z30="",0,(Calculations!Z30-100)/15) -> 0 | T30: 0 | U30: 0 | V30: =T30*15+100 -> 100 | W30: =SQRT(1-G30^2) -> 1 | X30: =U30*B30 -> 0 | Y30: =ROUND(K30,MAX(2,1-(1+INT(IFERROR(LOG10(ABS(MIN(K30,1-K30))),1))))) -> #N/A | Z30: =IF(Flynn,Main!K22,Main!L22) | AA30: =IF(Main!C22="","",INDEX(Tests!I$3:I$499,MATCH(Main!C22,Tests!$J$3:$J$499,0))) | AB30: =IF(AA30=0,Main!$S$1,Calculations!AA30) | AC30: =IF(AA30=0,1,0) -> 0 | AE30: =IF(B30=1,Main!$C$29-RANK(R30,$R$11:$R$30,0)+1,"") | AF30: =MATCH(Q30,$AE$11:$AE$30,0) -> #N/A | AG30: =INDEX(M$11:M$30,$AF30,1) -> #N/A | AH30: =INDEX(N$11:N$30,$AF30,1) -> #N/A | AI30: =INDEX(O$11:O$30,$AF30,1) -> #N/A | AJ30: =INDEX(P$11:P$30,$AF30,1) -> #N/A | AK30: =INDEX(L$11:L$30,$AF30,1) -> #N/A | AL30: =INDEX(H$11:H$30,$AF30,1) -> #N/A | AM30: =IF(ISNA(AL30),NA(),60) -> #N/A | AN30: =IF(ISNA(AM30),NA(),70) -> #N/A | AO30: =IF(ISNA(AN30),NA(),80) -> #N/A | AP30: =IF(ISNA(AO30),NA(),90) -> #N/A | AQ30: =IF(ISNA(AP30),NA(),110) -> #N/A | AR30: =IF(ISNA(AQ30),NA(),120) -> #N/A | AS30: =IF(ISNA(AR30),NA(),130) -> #N/A | AT30: =IF(ISNA(AS30),NA(),140) -> #N/A | AU30: =IF(ISNA(AT30),NA(),160) -> #N/A | AV30: =NA() -> #N/A | AW30: =NA() -> #N/A | AX30: =NA() -> #N/A | AY30: =NA() -> #N/A | AZ30: =NA() -> #N/A | BA30: =NA() -> #N/A | BB30: =NA() -> #N/A | BC30: =NA() -> #N/A | BD30: =NA() -> #N/A
R31: =MAX(R11:R30) -> 5
D33: Extremely small deviations from expectations | E33: Extremely small deviation | F33: Extremely Low
B34: 60.5 | C34: =NORMDIST(B34,100,15,TRUE) -> 0.0042275661 | D34: Very small deviations from expectations | E34: Very small deviation | F34: Very Low
B35: 70.5 | C35: =NORMDIST(B35,100,15,TRUE) -> 0.024610826 | D35: Small deviations from expectations | E35: Small deviation | F35: Low
B36: 80.5 | C36: =NORMDIST(B36,100,15,TRUE) -> 0.096800485 | D36: Moderately small deviations from expectations | E36: Moderately small deviation | F36: Low Average
B37: 90.5 | C37: =NORMDIST(B37,100,15,TRUE) -> 0.263258 | D37: Average-sized deviations from expectations | E37: Average-sized deviation | F37: Average
B38: 109.5 | C38: =NORMDIST(B38,100,15,TRUE) -> 0.736742 | D38: Moderately large deviations from expectations | E38: Moderately large deviation | F38: High Average
B39: 119.5 | C39: =NORMDIST(B39,100,15,TRUE) -> 0.90319952 | D39: Large deviations from expectations | E39: Large deviation | F39: High
B40: 129.5 | C40: =NORMDIST(B40,100,15,TRUE) -> 0.97538917 | D40: Very large deviations from expectations | E40: Very large deviation | F40: Very High
B41: 139.5 | C41: =NORMDIST(B41,100,15,TRUE) -> 0.99577243 | D41: Extremely large deviations from expectations | E41: Extremely large deviation | F41: Extremely High
A43: Insert correlations
A44: {=B11:B30*TRANSPOSE(B11:B30)*(--Blanks!B47:U66)} -> 1 | B44: 0.84139727 | C44: 0.68839623 | D44: 0.57392126 | E44: 0.67716731 | F44: 0 | G44: 0 | H44: 0 | I44: 0 | J44: 0 | K44: 0 | L44: 0 | M44: 0 | N44: 0 | O44: 0 | P44: 0 | Q44: 0 | R44: 0 | S44: 0 | T44: 0
A45: 0.84139727 | B45: 1 | C45: 0.69917339 | D45: 0.58314837 | E45: 0.68628285 | F45: 0 | G45: 0 | H45: 0 | I45: 0 | J45: 0 | K45: 0 | L45: 0 | M45: 0 | N45: 0 | O45: 0 | P45: 0 | Q45: 0 | R45: 0 | S45: 0 | T45: 0
A46: 0.68839623 | B46: 0.69917339 | C46: 1 | D46: 0.63567264 | E46: 0.72776033 | F46: 0 | G46: 0 | H46: 0 | I46: 0 | J46: 0 | K46: 0 | L46: 0 | M46: 0 | N46: 0 | O46: 0 | P46: 0 | Q46: 0 | R46: 0 | S46: 0 | T46: 0
A47: 0.57392126 | B47: 0.58314837 | C47: 0.63567264 | D47: 1 | E47: 0.70699526 | F47: 0 | G47: 0 | H47: 0 | I47: 0 | J47: 0 | K47: 0 | L47: 0 | M47: 0 | N47: 0 | O47: 0 | P47: 0 | Q47: 0 | R47: 0 | S47: 0 | T47: 0
A48: 0.67716731 | B48: 0.68628285 | C48: 0.72776033 | D48: 0.70699526 | E48: 1 | F48: 0 | G48: 0 | H48: 0 | I48: 0 | J48: 0 | K48: 0 | L48: 0 | M48: 0 | N48: 0 | O48: 0 | P48: 0 | Q48: 0 | R48: 0 | S48: 0 | T48: 0
A49: 0 | B49: 0 | C49: 0 | D49: 0 | E49: 0 | F49: 0 | G49: 0 | H49: 0 | I49: 0 | J49: 0 | K49: 0 | L49: 0 | M49: 0 | N49: 0 | O49: 0 | P49: 0 | Q49: 0 | R49: 0 | S49: 0 | T49: 0
A50: 0 | B50: 0 | C50: 0 | D50: 0 | E50: 0 | F50: 0 | G50: 0 | H50: 0 | I50: 0 | J50: 0 | K50: 0 | L50: 0 | M50: 0 | N50: 0 | O50: 0 | P50: 0 | Q50: 0 | R50: 0 | S50: 0 | T50: 0
A51: 0 | B51: 0 | C51: 0 | D51: 0 | E51: 0 | F51: 0 | G51: 0 | H51: 0 | I51: 0 | J51: 0 | K51: 0 | L51: 0 | M51: 0 | N51: 0 | O51: 0 | P51: 0 | Q51: 0 | R51: 0 | S51: 0 | T51: 0
A52: 0 | B52: 0 | C52: 0 | D52: 0 | E52: 0 | F52: 0 | G52: 0 | H52: 0 | I52: 0 | J52: 0 | K52: 0 | L52: 0 | M52: 0 | N52: 0 | O52: 0 | P52: 0 | Q52: 0 | R52: 0 | S52: 0 | T52: 0
A53: 0 | B53: 0 | C53: 0 | D53: 0 | E53: 0 | F53: 0 | G53: 0 | H53: 0 | I53: 0 | J53: 0 | K53: 0 | L53: 0 | M53: 0 | N53: 0 | O53: 0 | P53: 0 | Q53: 0 | R53: 0 | S53: 0 | T53: 0
A54: 0 | B54: 0 | C54: 0 | D54: 0 | E54: 0 | F54: 0 | G54: 0 | H54: 0 | I54: 0 | J54: 0 | K54: 0 | L54: 0 | M54: 0 | N54: 0 | O54: 0 | P54: 0 | Q54: 0 | R54: 0 | S54: 0 | T54: 0
A55: 0 | B55: 0 | C55: 0 | D55: 0 | E55: 0 | F55: 0 | G55: 0 | H55: 0 | I55: 0 | J55: 0 | K55: 0 | L55: 0 | M55: 0 | N55: 0 | O55: 0 | P55: 0 | Q55: 0 | R55: 0 | S55: 0 | T55: 0
A56: 0 | B56: 0 | C56: 0 | D56: 0 | E56: 0 | F56: 0 | G56: 0 | H56: 0 | I56: 0 | J56: 0 | K56: 0 | L56: 0 | M56: 0 | N56: 0 | O56: 0 | P56: 0 | Q56: 0 | R56: 0 | S56: 0 | T56: 0
... A63: 0 | B63: 0 | C63: 0 | D63: 0 | E63: 0 | F63: 0 | G63: 0 | H63: 0 | I63: 0 | J63: 0 | K63: 0 | L63: 0 | M63: 0 | N63: 0 | O63: 0 | P63: 0 | Q63: 0 | R63: 0 | S63: 0 | T63: 0
A64: Insert ones in diagonal
A65: 1 | B65: =B44 -> 0.84139727 | C65: =C44 -> 0.68839623 | D65: =D44 -> 0.57392126 | E65: =E44 -> 0.67716731 | F65: =F44 -> 0 | G65: =G44 -> 0 | H65: =H44 -> 0 | I65: =I44 -> 0 | ... T65: =T44 -> 0
A66: =A45 -> 0.84139727 | B66: 1 | C66: =C45 -> 0.69917339 | D66: =D45 -> 0.58314837 | E66: =E45 -> 0.68628285 | F66: =F45 -> 0 | G66: =G45 -> 0 | H66: =H45 -> 0 | I66: =I45 -> 0 | J66: =J45 -> 0 | ... T66: =T45 -> 0
A67: =A46 -> 0.68839623 | B67: =B46 -> 0.69917339 | C67: 1 | D67: =D46 -> 0.63567264 | E67: =E46 -> 0.72776033 | F67: =F46 -> 0 | G67: =G46 -> 0 | H67: =H46 -> 0 | I67: =I46 -> 0 | J67: =J46 -> 0 | K67: =K46 -> 0 | ... T67: =T46 -> 0
A68: =A47 -> 0.57392126 | B68: =B47 -> 0.58314837 | C68: =C47 -> 0.63567264 | D68: 1 | E68: =E47 -> 0.70699526 | F68: =F47 -> 0 | G68: =G47 -> 0 | H68: =H47 -> 0 | I68: =I47 -> 0 | J68: =J47 -> 0 | K68: =K47 -> 0 | L68: =L47 -> 0 | ... T68: =T47 -> 0
A69: =A48 -> 0.67716731 | B69: =B48 -> 0.68628285 | C69: =C48 -> 0.72776033 | D69: =D48 -> 0.70699526 | E69: 1 | F69: =F48 -> 0 | G69: =G48 -> 0 | H69: =H48 -> 0 | I69: =I48 -> 0 | J69: =J48 -> 0 | K69: =K48 -> 0 | L69: =L48 -> 0 | M69: =M48 -> 0 | ... T69: =T48 -> 0
A70: =A49 -> 0 | B70: =B49 -> 0 | C70: =C49 -> 0 | D70: =D49 -> 0 | E70: =E49 -> 0 | F70: 1 | G70: =G49 -> 0 | H70: =H49 -> 0 | I70: =I49 -> 0 | J70: =J49 -> 0 | K70: =K49 -> 0 | L70: =L49 -> 0 | M70: =M49 -> 0 | N70: =N49 -> 0 | ... T70: =T49 -> 0
A71: =A50 -> 0 | B71: =B50 -> 0 | C71: =C50 -> 0 | D71: =D50 -> 0 | E71: =E50 -> 0 | F71: =F50 -> 0 | G71: 1 | H71: =H50 -> 0 | I71: =I50 -> 0 | J71: =J50 -> 0 | K71: =K50 -> 0 | L71: =L50 -> 0 | M71: =M50 -> 0 | N71: =N50 -> 0 | O71: =O50 -> 0 | ... T71: =T50 -> 0
A72: =A51 -> 0 | B72: =B51 -> 0 | C72: =C51 -> 0 | D72: =D51 -> 0 | E72: =E51 -> 0 | F72: =F51 -> 0 | G72: =G51 -> 0 | H72: 1 | I72: =I51 -> 0 | J72: =J51 -> 0 | K72: =K51 -> 0 | L72: =L51 -> 0 | M72: =M51 -> 0 | N72: =N51 -> 0 | O72: =O51 -> 0 | P72: =P51 -> 0 | ... T72: =T51 -> 0
A73: =A52 -> 0 | B73: =B52 -> 0 | C73: =C52 -> 0 | D73: =D52 -> 0 | E73: =E52 -> 0 | F73: =F52 -> 0 | G73: =G52 -> 0 | H73: =H52 -> 0 | I73: 1 | J73: =J52 -> 0 | K73: =K52 -> 0 | L73: =L52 -> 0 | M73: =M52 -> 0 | N73: =N52 -> 0 | O73: =O52 -> 0 | P73: =P52 -> 0 | Q73: =Q52 -> 0 | ... T73: =T52 -> 0
A74: =A53 -> 0 | B74: =B53 -> 0 | C74: =C53 -> 0 | D74: =D53 -> 0 | E74: =E53 -> 0 | F74: =F53 -> 0 | G74: =G53 -> 0 | H74: =H53 -> 0 | I74: =I53 -> 0 | J74: 1 | K74: =K53 -> 0 | L74: =L53 -> 0 | M74: =M53 -> 0 | N74: =N53 -> 0 | O74: =O53 -> 0 | P74: =P53 -> 0 | Q74: =Q53 -> 0 | R74: =R53 -> 0 | ... T74: =T53 -> 0
A75: =A54 -> 0 | B75: =B54 -> 0 | C75: =C54 -> 0 | D75: =D54 -> 0 | E75: =E54 -> 0 | F75: =F54 -> 0 | G75: =G54 -> 0 | H75: =H54 -> 0 | ... J75: =J54 -> 0 | K75: 1 | L75: =L54 -> 0 | M75: =M54 -> 0 | N75: =N54 -> 0 | O75: =O54 -> 0 | P75: =P54 -> 0 | Q75: =Q54 -> 0 | R75: =R54 -> 0 | S75: =S54 -> 0 | T75: =T54 -> 0
A76: =A55 -> 0 | B76: =B55 -> 0 | C76: =C55 -> 0 | D76: =D55 -> 0 | E76: =E55 -> 0 | F76: =F55 -> 0 | G76: =G55 -> 0 | H76: =H55 -> 0 | ... K76: =K55 -> 0 | L76: 1 | M76: =M55 -> 0 | N76: =N55 -> 0 | O76: =O55 -> 0 | P76: =P55 -> 0 | Q76: =Q55 -> 0 | R76: =R55 -> 0 | S76: =S55 -> 0 | T76: =T55 -> 0
A77: =A56 -> 0 | B77: =B56 -> 0 | C77: =C56 -> 0 | D77: =D56 -> 0 | E77: =E56 -> 0 | F77: =F56 -> 0 | G77: =G56 -> 0 | H77: =H56 -> 0 | ... L77: =L56 -> 0 | M77: 1 | N77: =N56 -> 0 | O77: =O56 -> 0 | P77: =P56 -> 0 | Q77: =Q56 -> 0 | R77: =R56 -> 0 | S77: =S56 -> 0 | T77: =T56 -> 0
A78: =A57 -> 0 | B78: =B57 -> 0 | C78: =C57 -> 0 | D78: =D57 -> 0 | E78: =E57 -> 0 | F78: =F57 -> 0 | G78: =G57 -> 0 | H78: =H57 -> 0 | ... M78: =M57 -> 0 | N78: 1 | O78: =O57 -> 0 | P78: =P57 -> 0 | Q78: =Q57 -> 0 | R78: =R57 -> 0 | S78: =S57 -> 0 | T78: =T57 -> 0
A79: =A58 -> 0 | B79: =B58 -> 0 | C79: =C58 -> 0 | D79: =D58 -> 0 | E79: =E58 -> 0 | F79: =F58 -> 0 | G79: =G58 -> 0 | H79: =H58 -> 0 | ... N79: =N58 -> 0 | O79: 1 | P79: =P58 -> 0 | Q79: =Q58 -> 0 | R79: =R58 -> 0 | S79: =S58 -> 0 | T79: =T58 -> 0
A80: =A59 -> 0 | B80: =B59 -> 0 | C80: =C59 -> 0 | D80: =D59 -> 0 | E80: =E59 -> 0 | F80: =F59 -> 0 | G80: =G59 -> 0 | H80: =H59 -> 0 | ... O80: =O59 -> 0 | P80: 1 | Q80: =Q59 -> 0 | R80: =R59 -> 0 | S80: =S59 -> 0 | T80: =T59 -> 0
A81: =A60 -> 0 | B81: =B60 -> 0 | C81: =C60 -> 0 | D81: =D60 -> 0 | E81: =E60 -> 0 | F81: =F60 -> 0 | G81: =G60 -> 0 | H81: =H60 -> 0 | ... P81: =P60 -> 0 | Q81: 1 | R81: =R60 -> 0 | S81: =S60 -> 0 | T81: =T60 -> 0
A82: =A61 -> 0 | B82: =B61 -> 0 | C82: =C61 -> 0 | D82: =D61 -> 0 | E82: =E61 -> 0 | F82: =F61 -> 0 | G82: =G61 -> 0 | H82: =H61 -> 0 | ... Q82: =Q61 -> 0 | R82: 1 | S82: =S61 -> 0 | T82: =T61 -> 0
A83: =A62 -> 0 | B83: =B62 -> 0 | C83: =C62 -> 0 | D83: =D62 -> 0 | E83: =E62 -> 0 | F83: =F62 -> 0 | G83: =G62 -> 0 | H83: =H62 -> 0 | ... R83: =R62 -> 0 | S83: 1 | T83: =T62 -> 0
A84: =A63 -> 0 | B84: =B63 -> 0 | C84: =C63 -> 0 | D84: =D63 -> 0 | E84: =E63 -> 0 | F84: =F63 -> 0 | G84: =G63 -> 0 | H84: =H63 -> 0 | ... S84: =S63 -> 0 | T84: 1
B86: Family | C86: {=TRANSPOSE(A88:A107)} -> Wechsler | D86: Wechsler | E86: Wechsler | F86: Stanford-Binet | G86: Wechsler
A87: Family | B87: Age | C87: {=TRANSPOSE(B88:B107)} -> 10 | D87: 11 | E87: 30 | F87: 45 | G87: 50
A88: =IF(Main!T3="","",Main!T3) -> Wechsler | B88: =IF(Main!G3="","",Main!G3) -> 10 | C88: =IF(OR(C$86="",C$87="",$A88="",$B88=""),"",1) -> 1 | D88: =IF(OR(D$86="",D$87="",$A88="",$B88=""),"",0.716-0.003*EXP(-0.258*(MIN(D$87,$B88)-20))+0.095*EXP(-0.138*(MAX(D$87,$B88)-MIN(D$87,$B88)-5))-0.104*IF($A88=D$86,0,1)) -> 0.84139727 | E88: =IF(OR(E$86="",E$87="",$A88="",$B88=""),"",0.716-0.003*EXP(-0.258*(MIN(E$87,$B88)-20))+0.095*EXP(-0.138*(MAX(E$87,$B88)-MIN(E$87,$B88)-5))-0.104*IF($A88=E$86,0,1)) -> 0.68839623 | F88: =IF(OR(F$86="",F$87="",$A88="",$B88=""),"",0.716-0.003*EXP(-0.258*(MIN(F$87,$B88)-20))+0.095*EXP(-0.138*(MAX(F$87,$B88)-MIN(F$87,$B88)-5))-0.104*IF($A88=F$86,0,1)) -> 0.57392126 | G88: =IF(OR(G$86="",G$87="",$A88="",$B88=""),"",0.716-0.003*EXP(-0.258*(MIN(G$87,$B88)-20))+0.095*EXP(-0.138*(MAX(G$87,$B88)-MIN(G$87,$B88)-5))-0.104*IF($A88=G$86,0,1)) -> 0.67716731 | H88: =IF(OR(H$86="",H$87="",$A88="",$B88=""),"",0.716-0.003*EXP(-0.258*(MIN(H$87,$B88)-20))+0.095*EXP(-0.138*(MAX(H$87,$B88)-MIN(H$87,$B88)-5))-0.104*IF($A88=H$86,0,1)) | I88: =IF(OR(I$86="",I$87="",$A88="",$B88=""),"",0.716-0.003*EXP(-0.258*(MIN(I$87,$B88)-20))+0.095*EXP(-0.138*(MAX(I$87,$B88)-MIN(I$87,$B88)-5))-0.104*IF($A88=I$86,0,1)) | J88: =IF(OR(J$86="",J$87="",$A88="",$B88=""),"",0.716-0.003*EXP(-0.258*(MIN(J$87,$B88)-20))+0.095*EXP(-0.138*(MAX(J$87,$B88)-MIN(J$87,$B88)-5))-0.104*IF($A88=J$86,0,1)) | K88: =IF(OR(K$86="",K$87="",$A88="",$B88=""),"",0.716-0.003*EXP(-0.258*(MIN(K$87,$B88)-20))+0.095*EXP(-0.138*(MAX(K$87,$B88)-MIN(K$87,$B88)-5))-0.104*IF($A88=K$86,0,1)) | ... V88: =IF(OR(V$86="",V$87="",$A88="",$B88=""),"",0.716-0.003*EXP(-0.258*(MIN(V$87,$B88)-20))+0.095*EXP(-0.138*(MAX(V$87,$B88)-MIN(V$87,$B88)-5))-0.104*IF($A88=V$86,0,1))
A89: =IF(Main!T4="","",Main!T4) -> Wechsler | B89: =IF(Main!G4="","",Main!G4) -> 11 | C89: =IF(OR(C$86="",C$87="",$A89="",$B89=""),"",0.716-0.003*EXP(-0.258*(MIN(C$87,$B89)-20))+0.095*EXP(-0.138*(MAX(C$87,$B89)-MIN(C$87,$B89)-5))-0.104*IF($A89=C$86,0,1)) -> 0.84139727 | D89: =IF(OR(D$86="",D$87="",$A89="",$B89=""),"",1) -> 1 | E89: =IF(OR(E$86="",E$87="",$A89="",$B89=""),"",0.716-0.003*EXP(-0.258*(MIN(E$87,$B89)-20))+0.095*EXP(-0.138*(MAX(E$87,$B89)-MIN(E$87,$B89)-5))-0.104*IF($A89=E$86,0,1)) -> 0.69917339 | F89: =IF(OR(F$86="",F$87="",$A89="",$B89=""),"",0.716-0.003*EXP(-0.258*(MIN(F$87,$B89)-20))+0.095*EXP(-0.138*(MAX(F$87,$B89)-MIN(F$87,$B89)-5))-0.104*IF($A89=F$86,0,1)) -> 0.58314837 | G89: =IF(OR(G$86="",G$87="",$A89="",$B89=""),"",0.716-0.003*EXP(-0.258*(MIN(G$87,$B89)-20))+0.095*EXP(-0.138*(MAX(G$87,$B89)-MIN(G$87,$B89)-5))-0.104*IF($A89=G$86,0,1)) -> 0.68628285 | H89: =IF(OR(H$86="",H$87="",$A89="",$B89=""),"",0.716-0.003*EXP(-0.258*(MIN(H$87,$B89)-20))+0.095*EXP(-0.138*(MAX(H$87,$B89)-MIN(H$87,$B89)-5))-0.104*IF($A89=H$86,0,1)) | I89: =IF(OR(I$86="",I$87="",$A89="",$B89=""),"",0.716-0.003*EXP(-0.258*(MIN(I$87,$B89)-20))+0.095*EXP(-0.138*(MAX(I$87,$B89)-MIN(I$87,$B89)-5))-0.104*IF($A89=I$86,0,1)) | J89: =IF(OR(J$86="",J$87="",$A89="",$B89=""),"",0.716-0.003*EXP(-0.258*(MIN(J$87,$B89)-20))+0.095*EXP(-0.138*(MAX(J$87,$B89)-MIN(J$87,$B89)-5))-0.104*IF($A89=J$86,0,1)) | K89: =IF(OR(K$86="",K$87="",$A89="",$B89=""),"",0.716-0.003*EXP(-0.258*(MIN(K$87,$B89)-20))+0.095*EXP(-0.138*(MAX(K$87,$B89)-MIN(K$87,$B89)-5))-0.104*IF($A89=K$86,0,1)) | L89: =IF(OR(L$86="",L$87="",$A89="",$B89=""),"",0.716-0.003*EXP(-0.258*(MIN(L$87,$B89)-20))+0.095*EXP(-0.138*(MAX(L$87,$B89)-MIN(L$87,$B89)-5))-0.104*IF($A89=L$86,0,1)) | ... V89: =IF(OR(V$86="",V$87="",$A89="",$B89=""),"",0.716-0.003*EXP(-0.258*(MIN(V$87,$B89)-20))+0.095*EXP(-0.138*(MAX(V$87,$B89)-MIN(V$87,$B89)-5))-0.104*IF($A89=V$86,0,1))
A90: =IF(Main!T5="","",Main!T5) -> Wechsler | B90: =IF(Main!G5="","",Main!G5) -> 30 | C90: =IF(OR(C$86="",C$87="",$A90="",$B90=""),"",0.716-0.003*EXP(-0.258*(MIN(C$87,$B90)-20))+0.095*EXP(-0.138*(MAX(C$87,$B90)-MIN(C$87,$B90)-5))-0.104*IF($A90=C$86,0,1)) -> 0.68839623 | D90: =IF(OR(D$86="",D$87="",$A90="",$B90=""),"",0.716-0.003*EXP(-0.258*(MIN(D$87,$B90)-20))+0.095*EXP(-0.138*(MAX(D$87,$B90)-MIN(D$87,$B90)-5))-0.104*IF($A90=D$86,0,1)) -> 0.69917339 | E90: =IF(OR(E$86="",E$87="",$A90="",$B90=""),"",1) -> 1 | F90: =IF(OR(F$86="",F$87="",$A90="",$B90=""),"",0.716-0.003*EXP(-0.258*(MIN(F$87,$B90)-20))+0.095*EXP(-0.138*(MAX(F$87,$B90)-MIN(F$87,$B90)-5))-0.104*IF($A90=F$86,0,1)) -> 0.63567264 | G90: =IF(OR(G$86="",G$87="",$A90="",$B90=""),"",0.716-0.003*EXP(-0.258*(MIN(G$87,$B90)-20))+0.095*EXP(-0.138*(MAX(G$87,$B90)-MIN(G$87,$B90)-5))-0.104*IF($A90=G$86,0,1)) -> 0.72776033 | H90: =IF(OR(H$86="",H$87="",$A90="",$B90=""),"",0.716-0.003*EXP(-0.258*(MIN(H$87,$B90)-20))+0.095*EXP(-0.138*(MAX(H$87,$B90)-MIN(H$87,$B90)-5))-0.104*IF($A90=H$86,0,1)) | I90: =IF(OR(I$86="",I$87="",$A90="",$B90=""),"",0.716-0.003*EXP(-0.258*(MIN(I$87,$B90)-20))+0.095*EXP(-0.138*(MAX(I$87,$B90)-MIN(I$87,$B90)-5))-0.104*IF($A90=I$86,0,1)) | J90: =IF(OR(J$86="",J$87="",$A90="",$B90=""),"",0.716-0.003*EXP(-0.258*(MIN(J$87,$B90)-20))+0.095*EXP(-0.138*(MAX(J$87,$B90)-MIN(J$87,$B90)-5))-0.104*IF($A90=J$86,0,1)) | K90: =IF(OR(K$86="",K$87="",$A90="",$B90=""),"",0.716-0.003*EXP(-0.258*(MIN(K$87,$B90)-20))+0.095*EXP(-0.138*(MAX(K$87,$B90)-MIN(K$87,$B90)-5))-0.104*IF($A90=K$86,0,1)) | L90: =IF(OR(L$86="",L$87="",$A90="",$B90=""),"",0.716-0.003*EXP(-0.258*(MIN(L$87,$B90)-20))+0.095*EXP(-0.138*(MAX(L$87,$B90)-MIN(L$87,$B90)-5))-0.104*IF($A90=L$86,0,1)) | M90: =IF(OR(M$86="",M$87="",$A90="",$B90=""),"",0.716-0.003*EXP(-0.258*(MIN(M$87,$B90)-20))+0.095*EXP(-0.138*(MAX(M$87,$B90)-MIN(M$87,$B90)-5))-0.104*IF($A90=M$86,0,1)) | ... V90: =IF(OR(V$86="",V$87="",$A90="",$B90=""),"",0.716-0.003*EXP(-0.258*(MIN(V$87,$B90)-20))+0.095*EXP(-0.138*(MAX(V$87,$B90)-MIN(V$87,$B90)-5))-0.104*IF($A90=V$86,0,1))
A91: =IF(Main!T6="","",Main!T6) -> Stanford-Binet | B91: =IF(Main!G6="","",Main!G6) -> 45 | C91: =IF(OR(C$86="",C$87="",$A91="",$B91=""),"",0.716-0.003*EXP(-0.258*(MIN(C$87,$B91)-20))+0.095*EXP(-0.138*(MAX(C$87,$B91)-MIN(C$87,$B91)-5))-0.104*IF($A91=C$86,0,1)) -> 0.57392126 | D91: =IF(OR(D$86="",D$87="",$A91="",$B91=""),"",0.716-0.003*EXP(-0.258*(MIN(D$87,$B91)-20))+0.095*EXP(-0.138*(MAX(D$87,$B91)-MIN(D$87,$B91)-5))-0.104*IF($A91=D$86,0,1)) -> 0.58314837 | E91: =IF(OR(E$86="",E$87="",$A91="",$B91=""),"",0.716-0.003*EXP(-0.258*(MIN(E$87,$B91)-20))+0.095*EXP(-0.138*(MAX(E$87,$B91)-MIN(E$87,$B91)-5))-0.104*IF($A91=E$86,0,1)) -> 0.63567264 | F91: =IF(OR(F$86="",F$87="",$A91="",$B91=""),"",1) -> 1 | G91: =IF(OR(G$86="",G$87="",$A91="",$B91=""),"",0.716-0.003*EXP(-0.258*(MIN(G$87,$B91)-20))+0.095*EXP(-0.138*(MAX(G$87,$B91)-MIN(G$87,$B91)-5))-0.104*IF($A91=G$86,0,1)) -> 0.70699526 | H91: =IF(OR(H$86="",H$87="",$A91="",$B91=""),"",0.716-0.003*EXP(-0.258*(MIN(H$87,$B91)-20))+0.095*EXP(-0.138*(MAX(H$87,$B91)-MIN(H$87,$B91)-5))-0.104*IF($A91=H$86,0,1)) | I91: =IF(OR(I$86="",I$87="",$A91="",$B91=""),"",0.716-0.003*EXP(-0.258*(MIN(I$87,$B91)-20))+0.095*EXP(-0.138*(MAX(I$87,$B91)-MIN(I$87,$B91)-5))-0.104*IF($A91=I$86,0,1)) | J91: =IF(OR(J$86="",J$87="",$A91="",$B91=""),"",0.716-0.003*EXP(-0.258*(MIN(J$87,$B91)-20))+0.095*EXP(-0.138*(MAX(J$87,$B91)-MIN(J$87,$B91)-5))-0.104*IF($A91=J$86,0,1)) | K91: =IF(OR(K$86="",K$87="",$A91="",$B91=""),"",0.716-0.003*EXP(-0.258*(MIN(K$87,$B91)-20))+0.095*EXP(-0.138*(MAX(K$87,$B91)-MIN(K$87,$B91)-5))-0.104*IF($A91=K$86,0,1)) | L91: =IF(OR(L$86="",L$87="",$A91="",$B91=""),"",0.716-0.003*EXP(-0.258*(MIN(L$87,$B91)-20))+0.095*EXP(-0.138*(MAX(L$87,$B91)-MIN(L$87,$B91)-5))-0.104*IF($A91=L$86,0,1)) | M91: =IF(OR(M$86="",M$87="",$A91="",$B91=""),"",0.716-0.003*EXP(-0.258*(MIN(M$87,$B91)-20))+0.095*EXP(-0.138*(MAX(M$87,$B91)-MIN(M$87,$B91)-5))-0.104*IF($A91=M$86,0,1)) | N91: =IF(OR(N$86="",N$87="",$A91="",$B91=""),"",0.716-0.003*EXP(-0.258*(MIN(N$87,$B91)-20))+0.095*EXP(-0.138*(MAX(N$87,$B91)-MIN(N$87,$B91)-5))-0.104*IF($A91=N$86,0,1)) | ... V91: =IF(OR(V$86="",V$87="",$A91="",$B91=""),"",0.716-0.003*EXP(-0.258*(MIN(V$87,$B91)-20))+0.095*EXP(-0.138*(MAX(V$87,$B91)-MIN(V$87,$B91)-5))-0.104*IF($A91=V$86,0,1))
A92: =IF(Main!T7="","",Main!T7) -> Wechsler | B92: =IF(Main!G7="","",Main!G7) -> 50 | C92: =IF(OR(C$86="",C$87="",$A92="",$B92=""),"",0.716-0.003*EXP(-0.258*(MIN(C$87,$B92)-20))+0.095*EXP(-0.138*(MAX(C$87,$B92)-MIN(C$87,$B92)-5))-0.104*IF($A92=C$86,0,1)) -> 0.67716731 | D92: =IF(OR(D$86="",D$87="",$A92="",$B92=""),"",0.716-0.003*EXP(-0.258*(MIN(D$87,$B92)-20))+0.095*EXP(-0.138*(MAX(D$87,$B92)-MIN(D$87,$B92)-5))-0.104*IF($A92=D$86,0,1)) -> 0.68628285 | E92: =IF(OR(E$86="",E$87="",$A92="",$B92=""),"",0.716-0.003*EXP(-0.258*(MIN(E$87,$B92)-20))+0.095*EXP(-0.138*(MAX(E$87,$B92)-MIN(E$87,$B92)-5))-0.104*IF($A92=E$86,0,1)) -> 0.72776033 | F92: =IF(OR(F$86="",F$87="",$A92="",$B92=""),"",0.716-0.003*EXP(-0.258*(MIN(F$87,$B92)-20))+0.095*EXP(-0.138*(MAX(F$87,$B92)-MIN(F$87,$B92)-5))-0.104*IF($A92=F$86,0,1)) -> 0.70699526 | G92: =IF(OR(G$86="",G$87="",$A92="",$B92=""),"",1) -> 1 | H92: =IF(OR(H$86="",H$87="",$A92="",$B92=""),"",0.716-0.003*EXP(-0.258*(MIN(H$87,$B92)-20))+0.095*EXP(-0.138*(MAX(H$87,$B92)-MIN(H$87,$B92)-5))-0.104*IF($A92=H$86,0,1)) | I92: =IF(OR(I$86="",I$87="",$A92="",$B92=""),"",0.716-0.003*EXP(-0.258*(MIN(I$87,$B92)-20))+0.095*EXP(-0.138*(MAX(I$87,$B92)-MIN(I$87,$B92)-5))-0.104*IF($A92=I$86,0,1)) | J92: =IF(OR(J$86="",J$87="",$A92="",$B92=""),"",0.716-0.003*EXP(-0.258*(MIN(J$87,$B92)-20))+0.095*EXP(-0.138*(MAX(J$87,$B92)-MIN(J$87,$B92)-5))-0.104*IF($A92=J$86,0,1)) | K92: =IF(OR(K$86="",K$87="",$A92="",$B92=""),"",0.716-0.003*EXP(-0.258*(MIN(K$87,$B92)-20))+0.095*EXP(-0.138*(MAX(K$87,$B92)-MIN(K$87,$B92)-5))-0.104*IF($A92=K$86,0,1)) | L92: =IF(OR(L$86="",L$87="",$A92="",$B92=""),"",0.716-0.003*EXP(-0.258*(MIN(L$87,$B92)-20))+0.095*EXP(-0.138*(MAX(L$87,$B92)-MIN(L$87,$B92)-5))-0.104*IF($A92=L$86,0,1)) | M92: =IF(OR(M$86="",M$87="",$A92="",$B92=""),"",0.716-0.003*EXP(-0.258*(MIN(M$87,$B92)-20))+0.095*EXP(-0.138*(MAX(M$87,$B92)-MIN(M$87,$B92)-5))-0.104*IF($A92=M$86,0,1)) | N92: =IF(OR(N$86="",N$87="",$A92="",$B92=""),"",0.716-0.003*EXP(-0.258*(MIN(N$87,$B92)-20))+0.095*EXP(-0.138*(MAX(N$87,$B92)-MIN(N$87,$B92)-5))-0.104*IF($A92=N$86,0,1)) | O92: =IF(OR(O$86="",O$87="",$A92="",$B92=""),"",0.716-0.003*EXP(-0.258*(MIN(O$87,$B92)-20))+0.095*EXP(-0.138*(MAX(O$87,$B92)-MIN(O$87,$B92)-5))-0.104*IF($A92=O$86,0,1)) | ... V92: =IF(OR(V$86="",V$87="",$A92="",$B92=""),"",0.716-0.003*EXP(-0.258*(MIN(V$87,$B92)-20))+0.095*EXP(-0.138*(MAX(V$87,$B92)-MIN(V$87,$B92)-5))-0.104*IF($A92=V$86,0,1))
A93: =IF(Main!T8="","",Main!T8) | B93: =IF(Main!G8="","",Main!G8) | C93: =IF(OR(C$86="",C$87="",$A93="",$B93=""),"",0.716-0.003*EXP(-0.258*(MIN(C$87,$B93)-20))+0.095*EXP(-0.138*(MAX(C$87,$B93)-MIN(C$87,$B93)-5))-0.104*IF($A93=C$86,0,1)) | D93: =IF(OR(D$86="",D$87="",$A93="",$B93=""),"",0.716-0.003*EXP(-0.258*(MIN(D$87,$B93)-20))+0.095*EXP(-0.138*(MAX(D$87,$B93)-MIN(D$87,$B93)-5))-0.104*IF($A93=D$86,0,1)) | E93: =IF(OR(E$86="",E$87="",$A93="",$B93=""),"",0.716-0.003*EXP(-0.258*(MIN(E$87,$B93)-20))+0.095*EXP(-0.138*(MAX(E$87,$B93)-MIN(E$87,$B93)-5))-0.104*IF($A93=E$86,0,1)) | F93: =IF(OR(F$86="",F$87="",$A93="",$B93=""),"",0.716-0.003*EXP(-0.258*(MIN(F$87,$B93)-20))+0.095*EXP(-0.138*(MAX(F$87,$B93)-MIN(F$87,$B93)-5))-0.104*IF($A93=F$86,0,1)) | G93: =IF(OR(G$86="",G$87="",$A93="",$B93=""),"",0.716-0.003*EXP(-0.258*(MIN(G$87,$B93)-20))+0.095*EXP(-0.138*(MAX(G$87,$B93)-MIN(G$87,$B93)-5))-0.104*IF($A93=G$86,0,1)) | H93: =IF(OR(H$86="",H$87="",$A93="",$B93=""),"",1) | I93: =IF(OR(I$86="",I$87="",$A93="",$B93=""),"",0.716-0.003*EXP(-0.258*(MIN(I$87,$B93)-20))+0.095*EXP(-0.138*(MAX(I$87,$B93)-MIN(I$87,$B93)-5))-0.104*IF($A93=I$86,0,1)) | J93: =IF(OR(J$86="",J$87="",$A93="",$B93=""),"",0.716-0.003*EXP(-0.258*(MIN(J$87,$B93)-20))+0.095*EXP(-0.138*(MAX(J$87,$B93)-MIN(J$87,$B93)-5))-0.104*IF($A93=J$86,0,1)) | K93: =IF(OR(K$86="",K$87="",$A93="",$B93=""),"",0.716-0.003*EXP(-0.258*(MIN(K$87,$B93)-20))+0.095*EXP(-0.138*(MAX(K$87,$B93)-MIN(K$87,$B93)-5))-0.104*IF($A93=K$86,0,1)) | L93: =IF(OR(L$86="",L$87="",$A93="",$B93=""),"",0.716-0.003*EXP(-0.258*(MIN(L$87,$B93)-20))+0.095*EXP(-0.138*(MAX(L$87,$B93)-MIN(L$87,$B93)-5))-0.104*IF($A93=L$86,0,1)) | M93: =IF(OR(M$86="",M$87="",$A93="",$B93=""),"",0.716-0.003*EXP(-0.258*(MIN(M$87,$B93)-20))+0.095*EXP(-0.138*(MAX(M$87,$B93)-MIN(M$87,$B93)-5))-0.104*IF($A93=M$86,0,1)) | N93: =IF(OR(N$86="",N$87="",$A93="",$B93=""),"",0.716-0.003*EXP(-0.258*(MIN(N$87,$B93)-20))+0.095*EXP(-0.138*(MAX(N$87,$B93)-MIN(N$87,$B93)-5))-0.104*IF($A93=N$86,0,1)) | O93: =IF(OR(O$86="",O$87="",$A93="",$B93=""),"",0.716-0.003*EXP(-0.258*(MIN(O$87,$B93)-20))+0.095*EXP(-0.138*(MAX(O$87,$B93)-MIN(O$87,$B93)-5))-0.104*IF($A93=O$86,0,1)) | P93: =IF(OR(P$86="",P$87="",$A93="",$B93=""),"",0.716-0.003*EXP(-0.258*(MIN(P$87,$B93)-20))+0.095*EXP(-0.138*(MAX(P$87,$B93)-MIN(P$87,$B93)-5))-0.104*IF($A93=P$86,0,1)) | ... V93: =IF(OR(V$86="",V$87="",$A93="",$B93=""),"",0.716-0.003*EXP(-0.258*(MIN(V$87,$B93)-20))+0.095*EXP(-0.138*(MAX(V$87,$B93)-MIN(V$87,$B93)-5))-0.104*IF($A93=V$86,0,1))
A94: =IF(Main!T9="","",Main!T9) | B94: =IF(Main!G9="","",Main!G9) | C94: =IF(OR(C$86="",C$87="",$A94="",$B94=""),"",0.716-0.003*EXP(-0.258*(MIN(C$87,$B94)-20))+0.095*EXP(-0.138*(MAX(C$87,$B94)-MIN(C$87,$B94)-5))-0.104*IF($A94=C$86,0,1)) | D94: =IF(OR(D$86="",D$87="",$A94="",$B94=""),"",0.716-0.003*EXP(-0.258*(MIN(D$87,$B94)-20))+0.095*EXP(-0.138*(MAX(D$87,$B94)-MIN(D$87,$B94)-5))-0.104*IF($A94=D$86,0,1)) | E94: =IF(OR(E$86="",E$87="",$A94="",$B94=""),"",0.716-0.003*EXP(-0.258*(MIN(E$87,$B94)-20))+0.095*EXP(-0.138*(MAX(E$87,$B94)-MIN(E$87,$B94)-5))-0.104*IF($A94=E$86,0,1)) | F94: =IF(OR(F$86="",F$87="",$A94="",$B94=""),"",0.716-0.003*EXP(-0.258*(MIN(F$87,$B94)-20))+0.095*EXP(-0.138*(MAX(F$87,$B94)-MIN(F$87,$B94)-5))-0.104*IF($A94=F$86,0,1)) | G94: =IF(OR(G$86="",G$87="",$A94="",$B94=""),"",0.716-0.003*EXP(-0.258*(MIN(G$87,$B94)-20))+0.095*EXP(-0.138*(MAX(G$87,$B94)-MIN(G$87,$B94)-5))-0.104*IF($A94=G$86,0,1)) | H94: =IF(OR(H$86="",H$87="",$A94="",$B94=""),"",0.716-0.003*EXP(-0.258*(MIN(H$87,$B94)-20))+0.095*EXP(-0.138*(MAX(H$87,$B94)-MIN(H$87,$B94)-5))-0.104*IF($A94=H$86,0,1)) | I94: =IF(OR(I$86="",I$87="",$A94="",$B94=""),"",1) | J94: =IF(OR(J$86="",J$87="",$A94="",$B94=""),"",0.716-0.003*EXP(-0.258*(MIN(J$87,$B94)-20))+0.095*EXP(-0.138*(MAX(J$87,$B94)-MIN(J$87,$B94)-5))-0.104*IF($A94=J$86,0,1)) | K94: =IF(OR(K$86="",K$87="",$A94="",$B94=""),"",0.716-0.003*EXP(-0.258*(MIN(K$87,$B94)-20))+0.095*EXP(-0.138*(MAX(K$87,$B94)-MIN(K$87,$B94)-5))-0.104*IF($A94=K$86,0,1)) | L94: =IF(OR(L$86="",L$87="",$A94="",$B94=""),"",0.716-0.003*EXP(-0.258*(MIN(L$87,$B94)-20))+0.095*EXP(-0.138*(MAX(L$87,$B94)-MIN(L$87,$B94)-5))-0.104*IF($A94=L$86,0,1)) | M94: =IF(OR(M$86="",M$87="",$A94="",$B94=""),"",0.716-0.003*EXP(-0.258*(MIN(M$87,$B94)-20))+0.095*EXP(-0.138*(MAX(M$87,$B94)-MIN(M$87,$B94)-5))-0.104*IF($A94=M$86,0,1)) | N94: =IF(OR(N$86="",N$87="",$A94="",$B94=""),"",0.716-0.003*EXP(-0.258*(MIN(N$87,$B94)-20))+0.095*EXP(-0.138*(MAX(N$87,$B94)-MIN(N$87,$B94)-5))-0.104*IF($A94=N$86,0,1)) | O94: =IF(OR(O$86="",O$87="",$A94="",$B94=""),"",0.716-0.003*EXP(-0.258*(MIN(O$87,$B94)-20))+0.095*EXP(-0.138*(MAX(O$87,$B94)-MIN(O$87,$B94)-5))-0.104*IF($A94=O$86,0,1)) | P94: =IF(OR(P$86="",P$87="",$A94="",$B94=""),"",0.716-0.003*EXP(-0.258*(MIN(P$87,$B94)-20))+0.095*EXP(-0.138*(MAX(P$87,$B94)-MIN(P$87,$B94)-5))-0.104*IF($A94=P$86,0,1)) | Q94: =IF(OR(Q$86="",Q$87="",$A94="",$B94=""),"",0.716-0.003*EXP(-0.258*(MIN(Q$87,$B94)-20))+0.095*EXP(-0.138*(MAX(Q$87,$B94)-MIN(Q$87,$B94)-5))-0.104*IF($A94=Q$86,0,1)) | ... V94: =IF(OR(V$86="",V$87="",$A94="",$B94=""),"",0.716-0.003*EXP(-0.258*(MIN(V$87,$B94)-20))+0.095*EXP(-0.138*(MAX(V$87,$B94)-MIN(V$87,$B94)-5))-0.104*IF($A94=V$86,0,1))
A95: =IF(Main!T10="","",Main!T10) | B95: =IF(Main!G10="","",Main!G10) | C95: =IF(OR(C$86="",C$87="",$A95="",$B95=""),"",0.716-0.003*EXP(-0.258*(MIN(C$87,$B95)-20))+0.095*EXP(-0.138*(MAX(C$87,$B95)-MIN(C$87,$B95)-5))-0.104*IF($A95=C$86,0,1)) | D95: =IF(OR(D$86="",D$87="",$A95="",$B95=""),"",0.716-0.003*EXP(-0.258*(MIN(D$87,$B95)-20))+0.095*EXP(-0.138*(MAX(D$87,$B95)-MIN(D$87,$B95)-5))-0.104*IF($A95=D$86,0,1)) | E95: =IF(OR(E$86="",E$87="",$A95="",$B95=""),"",0.716-0.003*EXP(-0.258*(MIN(E$87,$B95)-20))+0.095*EXP(-0.138*(MAX(E$87,$B95)-MIN(E$87,$B95)-5))-0.104*IF($A95=E$86,0,1)) | F95: =IF(OR(F$86="",F$87="",$A95="",$B95=""),"",0.716-0.003*EXP(-0.258*(MIN(F$87,$B95)-20))+0.095*EXP(-0.138*(MAX(F$87,$B95)-MIN(F$87,$B95)-5))-0.104*IF($A95=F$86,0,1)) | G95: =IF(OR(G$86="",G$87="",$A95="",$B95=""),"",0.716-0.003*EXP(-0.258*(MIN(G$87,$B95)-20))+0.095*EXP(-0.138*(MAX(G$87,$B95)-MIN(G$87,$B95)-5))-0.104*IF($A95=G$86,0,1)) | H95: =IF(OR(H$86="",H$87="",$A95="",$B95=""),"",0.716-0.003*EXP(-0.258*(MIN(H$87,$B95)-20))+0.095*EXP(-0.138*(MAX(H$87,$B95)-MIN(H$87,$B95)-5))-0.104*IF($A95=H$86,0,1)) | I95: =IF(OR(I$86="",I$87="",$A95="",$B95=""),"",0.716-0.003*EXP(-0.258*(MIN(I$87,$B95)-20))+0.095*EXP(-0.138*(MAX(I$87,$B95)-MIN(I$87,$B95)-5))-0.104*IF($A95=I$86,0,1)) | J95: =IF(OR(J$86="",J$87="",$A95="",$B95=""),"",1) | K95: =IF(OR(K$86="",K$87="",$A95="",$B95=""),"",0.716-0.003*EXP(-0.258*(MIN(K$87,$B95)-20))+0.095*EXP(-0.138*(MAX(K$87,$B95)-MIN(K$87,$B95)-5))-0.104*IF($A95=K$86,0,1)) | L95: =IF(OR(L$86="",L$87="",$A95="",$B95=""),"",0.716-0.003*EXP(-0.258*(MIN(L$87,$B95)-20))+0.095*EXP(-0.138*(MAX(L$87,$B95)-MIN(L$87,$B95)-5))-0.104*IF($A95=L$86,0,1)) | M95: =IF(OR(M$86="",M$87="",$A95="",$B95=""),"",0.716-0.003*EXP(-0.258*(MIN(M$87,$B95)-20))+0.095*EXP(-0.138*(MAX(M$87,$B95)-MIN(M$87,$B95)-5))-0.104*IF($A95=M$86,0,1)) | N95: =IF(OR(N$86="",N$87="",$A95="",$B95=""),"",0.716-0.003*EXP(-0.258*(MIN(N$87,$B95)-20))+0.095*EXP(-0.138*(MAX(N$87,$B95)-MIN(N$87,$B95)-5))-0.104*IF($A95=N$86,0,1)) | O95: =IF(OR(O$86="",O$87="",$A95="",$B95=""),"",0.716-0.003*EXP(-0.258*(MIN(O$87,$B95)-20))+0.095*EXP(-0.138*(MAX(O$87,$B95)-MIN(O$87,$B95)-5))-0.104*IF($A95=O$86,0,1)) | P95: =IF(OR(P$86="",P$87="",$A95="",$B95=""),"",0.716-0.003*EXP(-0.258*(MIN(P$87,$B95)-20))+0.095*EXP(-0.138*(MAX(P$87,$B95)-MIN(P$87,$B95)-5))-0.104*IF($A95=P$86,0,1)) | Q95: =IF(OR(Q$86="",Q$87="",$A95="",$B95=""),"",0.716-0.003*EXP(-0.258*(MIN(Q$87,$B95)-20))+0.095*EXP(-0.138*(MAX(Q$87,$B95)-MIN(Q$87,$B95)-5))-0.104*IF($A95=Q$86,0,1)) | R95: =IF(OR(R$86="",R$87="",$A95="",$B95=""),"",0.716-0.003*EXP(-0.258*(MIN(R$87,$B95)-20))+0.095*EXP(-0.138*(MAX(R$87,$B95)-MIN(R$87,$B95)-5))-0.104*IF($A95=R$86,0,1)) | ... V95: =IF(OR(V$86="",V$87="",$A95="",$B95=""),"",0.716-0.003*EXP(-0.258*(MIN(V$87,$B95)-20))+0.095*EXP(-0.138*(MAX(V$87,$B95)-MIN(V$87,$B95)-5))-0.104*IF($A95=V$86,0,1))
A96: =IF(Main!T11="","",Main!T11) | B96: =IF(Main!G11="","",Main!G11) | C96: =IF(OR(C$86="",C$87="",$A96="",$B96=""),"",0.716-0.003*EXP(-0.258*(MIN(C$87,$B96)-20))+0.095*EXP(-0.138*(MAX(C$87,$B96)-MIN(C$87,$B96)-5))-0.104*IF($A96=C$86,0,1)) | D96: =IF(OR(D$86="",D$87="",$A96="",$B96=""),"",0.716-0.003*EXP(-0.258*(MIN(D$87,$B96)-20))+0.095*EXP(-0.138*(MAX(D$87,$B96)-MIN(D$87,$B96)-5))-0.104*IF($A96=D$86,0,1)) | E96: =IF(OR(E$86="",E$87="",$A96="",$B96=""),"",0.716-0.003*EXP(-0.258*(MIN(E$87,$B96)-20))+0.095*EXP(-0.138*(MAX(E$87,$B96)-MIN(E$87,$B96)-5))-0.104*IF($A96=E$86,0,1)) | F96: =IF(OR(F$86="",F$87="",$A96="",$B96=""),"",0.716-0.003*EXP(-0.258*(MIN(F$87,$B96)-20))+0.095*EXP(-0.138*(MAX(F$87,$B96)-MIN(F$87,$B96)-5))-0.104*IF($A96=F$86,0,1)) | G96: =IF(OR(G$86="",G$87="",$A96="",$B96=""),"",0.716-0.003*EXP(-0.258*(MIN(G$87,$B96)-20))+0.095*EXP(-0.138*(MAX(G$87,$B96)-MIN(G$87,$B96)-5))-0.104*IF($A96=G$86,0,1)) | H96: =IF(OR(H$86="",H$87="",$A96="",$B96=""),"",0.716-0.003*EXP(-0.258*(MIN(H$87,$B96)-20))+0.095*EXP(-0.138*(MAX(H$87,$B96)-MIN(H$87,$B96)-5))-0.104*IF($A96=H$86,0,1)) | I96: =IF(OR(I$86="",I$87="",$A96="",$B96=""),"",0.716-0.003*EXP(-0.258*(MIN(I$87,$B96)-20))+0.095*EXP(-0.138*(MAX(I$87,$B96)-MIN(I$87,$B96)-5))-0.104*IF($A96=I$86,0,1)) | J96: =IF(OR(J$86="",J$87="",$A96="",$B96=""),"",0.716-0.003*EXP(-0.258*(MIN(J$87,$B96)-20))+0.095*EXP(-0.138*(MAX(J$87,$B96)-MIN(J$87,$B96)-5))-0.104*IF($A96=J$86,0,1)) | K96: =IF(OR(K$86="",K$87="",$A96="",$B96=""),"",1) | L96: =IF(OR(L$86="",L$87="",$A96="",$B96=""),"",0.716-0.003*EXP(-0.258*(MIN(L$87,$B96)-20))+0.095*EXP(-0.138*(MAX(L$87,$B96)-MIN(L$87,$B96)-5))-0.104*IF($A96=L$86,0,1)) | M96: =IF(OR(M$86="",M$87="",$A96="",$B96=""),"",0.716-0.003*EXP(-0.258*(MIN(M$87,$B96)-20))+0.095*EXP(-0.138*(MAX(M$87,$B96)-MIN(M$87,$B96)-5))-0.104*IF($A96=M$86,0,1)) | N96: =IF(OR(N$86="",N$87="",$A96="",$B96=""),"",0.716-0.003*EXP(-0.258*(MIN(N$87,$B96)-20))+0.095*EXP(-0.138*(MAX(N$87,$B96)-MIN(N$87,$B96)-5))-0.104*IF($A96=N$86,0,1)) | O96: =IF(OR(O$86="",O$87="",$A96="",$B96=""),"",0.716-0.003*EXP(-0.258*(MIN(O$87,$B96)-20))+0.095*EXP(-0.138*(MAX(O$87,$B96)-MIN(O$87,$B96)-5))-0.104*IF($A96=O$86,0,1)) | P96: =IF(OR(P$86="",P$87="",$A96="",$B96=""),"",0.716-0.003*EXP(-0.258*(MIN(P$87,$B96)-20))+0.095*EXP(-0.138*(MAX(P$87,$B96)-MIN(P$87,$B96)-5))-0.104*IF($A96=P$86,0,1)) | Q96: =IF(OR(Q$86="",Q$87="",$A96="",$B96=""),"",0.716-0.003*EXP(-0.258*(MIN(Q$87,$B96)-20))+0.095*EXP(-0.138*(MAX(Q$87,$B96)-MIN(Q$87,$B96)-5))-0.104*IF($A96=Q$86,0,1)) | R96: =IF(OR(R$86="",R$87="",$A96="",$B96=""),"",0.716-0.003*EXP(-0.258*(MIN(R$87,$B96)-20))+0.095*EXP(-0.138*(MAX(R$87,$B96)-MIN(R$87,$B96)-5))-0.104*IF($A96=R$86,0,1)) | S96: =IF(OR(S$86="",S$87="",$A96="",$B96=""),"",0.716-0.003*EXP(-0.258*(MIN(S$87,$B96)-20))+0.095*EXP(-0.138*(MAX(S$87,$B96)-MIN(S$87,$B96)-5))-0.104*IF($A96=S$86,0,1)) | ... V96: =IF(OR(V$86="",V$87="",$A96="",$B96=""),"",0.716-0.003*EXP(-0.258*(MIN(V$87,$B96)-20))+0.095*EXP(-0.138*(MAX(V$87,$B96)-MIN(V$87,$B96)-5))-0.104*IF($A96=V$86,0,1))
A97: =IF(Main!T12="","",Main!T12) | B97: =IF(Main!G12="","",Main!G12) | C97: =IF(OR(C$86="",C$87="",$A97="",$B97=""),"",0.716-0.003*EXP(-0.258*(MIN(C$87,$B97)-20))+0.095*EXP(-0.138*(MAX(C$87,$B97)-MIN(C$87,$B97)-5))-0.104*IF($A97=C$86,0,1)) | D97: =IF(OR(D$86="",D$87="",$A97="",$B97=""),"",0.716-0.003*EXP(-0.258*(MIN(D$87,$B97)-20))+0.095*EXP(-0.138*(MAX(D$87,$B97)-MIN(D$87,$B97)-5))-0.104*IF($A97=D$86,0,1)) | E97: =IF(OR(E$86="",E$87="",$A97="",$B97=""),"",0.716-0.003*EXP(-0.258*(MIN(E$87,$B97)-20))+0.095*EXP(-0.138*(MAX(E$87,$B97)-MIN(E$87,$B97)-5))-0.104*IF($A97=E$86,0,1)) | F97: =IF(OR(F$86="",F$87="",$A97="",$B97=""),"",0.716-0.003*EXP(-0.258*(MIN(F$87,$B97)-20))+0.095*EXP(-0.138*(MAX(F$87,$B97)-MIN(F$87,$B97)-5))-0.104*IF($A97=F$86,0,1)) | G97: =IF(OR(G$86="",G$87="",$A97="",$B97=""),"",0.716-0.003*EXP(-0.258*(MIN(G$87,$B97)-20))+0.095*EXP(-0.138*(MAX(G$87,$B97)-MIN(G$87,$B97)-5))-0.104*IF($A97=G$86,0,1)) | H97: =IF(OR(H$86="",H$87="",$A97="",$B97=""),"",0.716-0.003*EXP(-0.258*(MIN(H$87,$B97)-20))+0.095*EXP(-0.138*(MAX(H$87,$B97)-MIN(H$87,$B97)-5))-0.104*IF($A97=H$86,0,1)) | I97: =IF(OR(I$86="",I$87="",$A97="",$B97=""),"",0.716-0.003*EXP(-0.258*(MIN(I$87,$B97)-20))+0.095*EXP(-0.138*(MAX(I$87,$B97)-MIN(I$87,$B97)-5))-0.104*IF($A97=I$86,0,1)) | J97: =IF(OR(J$86="",J$87="",$A97="",$B97=""),"",0.716-0.003*EXP(-0.258*(MIN(J$87,$B97)-20))+0.095*EXP(-0.138*(MAX(J$87,$B97)-MIN(J$87,$B97)-5))-0.104*IF($A97=J$86,0,1)) | K97: =IF(OR(K$86="",K$87="",$A97="",$B97=""),"",0.716-0.003*EXP(-0.258*(MIN(K$87,$B97)-20))+0.095*EXP(-0.138*(MAX(K$87,$B97)-MIN(K$87,$B97)-5))-0.104*IF($A97=K$86,0,1)) | L97: =IF(OR(L$86="",L$87="",$A97="",$B97=""),"",1) | M97: =IF(OR(M$86="",M$87="",$A97="",$B97=""),"",0.716-0.003*EXP(-0.258*(MIN(M$87,$B97)-20))+0.095*EXP(-0.138*(MAX(M$87,$B97)-MIN(M$87,$B97)-5))-0.104*IF($A97=M$86,0,1)) | N97: =IF(OR(N$86="",N$87="",$A97="",$B97=""),"",0.716-0.003*EXP(-0.258*(MIN(N$87,$B97)-20))+0.095*EXP(-0.138*(MAX(N$87,$B97)-MIN(N$87,$B97)-5))-0.104*IF($A97=N$86,0,1)) | O97: =IF(OR(O$86="",O$87="",$A97="",$B97=""),"",0.716-0.003*EXP(-0.258*(MIN(O$87,$B97)-20))+0.095*EXP(-0.138*(MAX(O$87,$B97)-MIN(O$87,$B97)-5))-0.104*IF($A97=O$86,0,1)) | P97: =IF(OR(P$86="",P$87="",$A97="",$B97=""),"",0.716-0.003*EXP(-0.258*(MIN(P$87,$B97)-20))+0.095*EXP(-0.138*(MAX(P$87,$B97)-MIN(P$87,$B97)-5))-0.104*IF($A97=P$86,0,1)) | Q97: =IF(OR(Q$86="",Q$87="",$A97="",$B97=""),"",0.716-0.003*EXP(-0.258*(MIN(Q$87,$B97)-20))+0.095*EXP(-0.138*(MAX(Q$87,$B97)-MIN(Q$87,$B97)-5))-0.104*IF($A97=Q$86,0,1)) | R97: =IF(OR(R$86="",R$87="",$A97="",$B97=""),"",0.716-0.003*EXP(-0.258*(MIN(R$87,$B97)-20))+0.095*EXP(-0.138*(MAX(R$87,$B97)-MIN(R$87,$B97)-5))-0.104*IF($A97=R$86,0,1)) | S97: =IF(OR(S$86="",S$87="",$A97="",$B97=""),"",0.716-0.003*EXP(-0.258*(MIN(S$87,$B97)-20))+0.095*EXP(-0.138*(MAX(S$87,$B97)-MIN(S$87,$B97)-5))-0.104*IF($A97=S$86,0,1)) | T97: =IF(OR(T$86="",T$87="",$A97="",$B97=""),"",0.716-0.003*EXP(-0.258*(MIN(T$87,$B97)-20))+0.095*EXP(-0.138*(MAX(T$87,$B97)-MIN(T$87,$B97)-5))-0.104*IF($A97=T$86,0,1)) | ... V97: =IF(OR(V$86="",V$87="",$A97="",$B97=""),"",0.716-0.003*EXP(-0.258*(MIN(V$87,$B97)-20))+0.095*EXP(-0.138*(MAX(V$87,$B97)-MIN(V$87,$B97)-5))-0.104*IF($A97=V$86,0,1))
A98: =IF(Main!T13="","",Main!T13) | B98: =IF(Main!G13="","",Main!G13) | C98: =IF(OR(C$86="",C$87="",$A98="",$B98=""),"",0.716-0.003*EXP(-0.258*(MIN(C$87,$B98)-20))+0.095*EXP(-0.138*(MAX(C$87,$B98)-MIN(C$87,$B98)-5))-0.104*IF($A98=C$86,0,1)) | D98: =IF(OR(D$86="",D$87="",$A98="",$B98=""),"",0.716-0.003*EXP(-0.258*(MIN(D$87,$B98)-20))+0.095*EXP(-0.138*(MAX(D$87,$B98)-MIN(D$87,$B98)-5))-0.104*IF($A98=D$86,0,1)) | E98: =IF(OR(E$86="",E$87="",$A98="",$B98=""),"",0.716-0.003*EXP(-0.258*(MIN(E$87,$B98)-20))+0.095*EXP(-0.138*(MAX(E$87,$B98)-MIN(E$87,$B98)-5))-0.104*IF($A98=E$86,0,1)) | F98: =IF(OR(F$86="",F$87="",$A98="",$B98=""),"",0.716-0.003*EXP(-0.258*(MIN(F$87,$B98)-20))+0.095*EXP(-0.138*(MAX(F$87,$B98)-MIN(F$87,$B98)-5))-0.104*IF($A98=F$86,0,1)) | G98: =IF(OR(G$86="",G$87="",$A98="",$B98=""),"",0.716-0.003*EXP(-0.258*(MIN(G$87,$B98)-20))+0.095*EXP(-0.138*(MAX(G$87,$B98)-MIN(G$87,$B98)-5))-0.104*IF($A98=G$86,0,1)) | H98: =IF(OR(H$86="",H$87="",$A98="",$B98=""),"",0.716-0.003*EXP(-0.258*(MIN(H$87,$B98)-20))+0.095*EXP(-0.138*(MAX(H$87,$B98)-MIN(H$87,$B98)-5))-0.104*IF($A98=H$86,0,1)) | I98: =IF(OR(I$86="",I$87="",$A98="",$B98=""),"",0.716-0.003*EXP(-0.258*(MIN(I$87,$B98)-20))+0.095*EXP(-0.138*(MAX(I$87,$B98)-MIN(I$87,$B98)-5))-0.104*IF($A98=I$86,0,1)) | J98: =IF(OR(J$86="",J$87="",$A98="",$B98=""),"",0.716-0.003*EXP(-0.258*(MIN(J$87,$B98)-20))+0.095*EXP(-0.138*(MAX(J$87,$B98)-MIN(J$87,$B98)-5))-0.104*IF($A98=J$86,0,1)) | ... L98: =IF(OR(L$86="",L$87="",$A98="",$B98=""),"",0.716-0.003*EXP(-0.258*(MIN(L$87,$B98)-20))+0.095*EXP(-0.138*(MAX(L$87,$B98)-MIN(L$87,$B98)-5))-0.104*IF($A98=L$86,0,1)) | M98: =IF(OR(M$86="",M$87="",$A98="",$B98=""),"",1) | N98: =IF(OR(N$86="",N$87="",$A98="",$B98=""),"",0.716-0.003*EXP(-0.258*(MIN(N$87,$B98)-20))+0.095*EXP(-0.138*(MAX(N$87,$B98)-MIN(N$87,$B98)-5))-0.104*IF($A98=N$86,0,1)) | O98: =IF(OR(O$86="",O$87="",$A98="",$B98=""),"",0.716-0.003*EXP(-0.258*(MIN(O$87,$B98)-20))+0.095*EXP(-0.138*(MAX(O$87,$B98)-MIN(O$87,$B98)-5))-0.104*IF($A98=O$86,0,1)) | P98: =IF(OR(P$86="",P$87="",$A98="",$B98=""),"",0.716-0.003*EXP(-0.258*(MIN(P$87,$B98)-20))+0.095*EXP(-0.138*(MAX(P$87,$B98)-MIN(P$87,$B98)-5))-0.104*IF($A98=P$86,0,1)) | Q98: =IF(OR(Q$86="",Q$87="",$A98="",$B98=""),"",0.716-0.003*EXP(-0.258*(MIN(Q$87,$B98)-20))+0.095*EXP(-0.138*(MAX(Q$87,$B98)-MIN(Q$87,$B98)-5))-0.104*IF($A98=Q$86,0,1)) | R98: =IF(OR(R$86="",R$87="",$A98="",$B98=""),"",0.716-0.003*EXP(-0.258*(MIN(R$87,$B98)-20))+0.095*EXP(-0.138*(MAX(R$87,$B98)-MIN(R$87,$B98)-5))-0.104*IF($A98=R$86,0,1)) | S98: =IF(OR(S$86="",S$87="",$A98="",$B98=""),"",0.716-0.003*EXP(-0.258*(MIN(S$87,$B98)-20))+0.095*EXP(-0.138*(MAX(S$87,$B98)-MIN(S$87,$B98)-5))-0.104*IF($A98=S$86,0,1)) | T98: =IF(OR(T$86="",T$87="",$A98="",$B98=""),"",0.716-0.003*EXP(-0.258*(MIN(T$87,$B98)-20))+0.095*EXP(-0.138*(MAX(T$87,$B98)-MIN(T$87,$B98)-5))-0.104*IF($A98=T$86,0,1)) | U98: =IF(OR(U$86="",U$87="",$A98="",$B98=""),"",0.716-0.003*EXP(-0.258*(MIN(U$87,$B98)-20))+0.095*EXP(-0.138*(MAX(U$87,$B98)-MIN(U$87,$B98)-5))-0.104*IF($A98=U$86,0,1)) | V98: =IF(OR(V$86="",V$87="",$A98="",$B98=""),"",0.716-0.003*EXP(-0.258*(MIN(V$87,$B98)-20))+0.095*EXP(-0.138*(MAX(V$87,$B98)-MIN(V$87,$B98)-5))-0.104*IF($A98=V$86,0,1))
A99: =IF(Main!T14="","",Main!T14) | B99: =IF(Main!G14="","",Main!G14) | C99: =IF(OR(C$86="",C$87="",$A99="",$B99=""),"",0.716-0.003*EXP(-0.258*(MIN(C$87,$B99)-20))+0.095*EXP(-0.138*(MAX(C$87,$B99)-MIN(C$87,$B99)-5))-0.104*IF($A99=C$86,0,1)) | D99: =IF(OR(D$86="",D$87="",$A99="",$B99=""),"",0.716-0.003*EXP(-0.258*(MIN(D$87,$B99)-20))+0.095*EXP(-0.138*(MAX(D$87,$B99)-MIN(D$87,$B99)-5))-0.104*IF($A99=D$86,0,1)) | E99: =IF(OR(E$86="",E$87="",$A99="",$B99=""),"",0.716-0.003*EXP(-0.258*(MIN(E$87,$B99)-20))+0.095*EXP(-0.138*(MAX(E$87,$B99)-MIN(E$87,$B99)-5))-0.104*IF($A99=E$86,0,1)) | F99: =IF(OR(F$86="",F$87="",$A99="",$B99=""),"",0.716-0.003*EXP(-0.258*(MIN(F$87,$B99)-20))+0.095*EXP(-0.138*(MAX(F$87,$B99)-MIN(F$87,$B99)-5))-0.104*IF($A99=F$86,0,1)) | G99: =IF(OR(G$86="",G$87="",$A99="",$B99=""),"",0.716-0.003*EXP(-0.258*(MIN(G$87,$B99)-20))+0.095*EXP(-0.138*(MAX(G$87,$B99)-MIN(G$87,$B99)-5))-0.104*IF($A99=G$86,0,1)) | H99: =IF(OR(H$86="",H$87="",$A99="",$B99=""),"",0.716-0.003*EXP(-0.258*(MIN(H$87,$B99)-20))+0.095*EXP(-0.138*(MAX(H$87,$B99)-MIN(H$87,$B99)-5))-0.104*IF($A99=H$86,0,1)) | I99: =IF(OR(I$86="",I$87="",$A99="",$B99=""),"",0.716-0.003*EXP(-0.258*(MIN(I$87,$B99)-20))+0.095*EXP(-0.138*(MAX(I$87,$B99)-MIN(I$87,$B99)-5))-0.104*IF($A99=I$86,0,1)) | J99: =IF(OR(J$86="",J$87="",$A99="",$B99=""),"",0.716-0.003*EXP(-0.258*(MIN(J$87,$B99)-20))+0.095*EXP(-0.138*(MAX(J$87,$B99)-MIN(J$87,$B99)-5))-0.104*IF($A99=J$86,0,1)) | ... M99: =IF(OR(M$86="",M$87="",$A99="",$B99=""),"",0.716-0.003*EXP(-0.258*(MIN(M$87,$B99)-20))+0.095*EXP(-0.138*(MAX(M$87,$B99)-MIN(M$87,$B99)-5))-0.104*IF($A99=M$86,0,1)) | N99: =IF(OR(N$86="",N$87="",$A99="",$B99=""),"",1) | O99: =IF(OR(O$86="",O$87="",$A99="",$B99=""),"",0.716-0.003*EXP(-0.258*(MIN(O$87,$B99)-20))+0.095*EXP(-0.138*(MAX(O$87,$B99)-MIN(O$87,$B99)-5))-0.104*IF($A99=O$86,0,1)) | P99: =IF(OR(P$86="",P$87="",$A99="",$B99=""),"",0.716-0.003*EXP(-0.258*(MIN(P$87,$B99)-20))+0.095*EXP(-0.138*(MAX(P$87,$B99)-MIN(P$87,$B99)-5))-0.104*IF($A99=P$86,0,1)) | Q99: =IF(OR(Q$86="",Q$87="",$A99="",$B99=""),"",0.716-0.003*EXP(-0.258*(MIN(Q$87,$B99)-20))+0.095*EXP(-0.138*(MAX(Q$87,$B99)-MIN(Q$87,$B99)-5))-0.104*IF($A99=Q$86,0,1)) | R99: =IF(OR(R$86="",R$87="",$A99="",$B99=""),"",0.716-0.003*EXP(-0.258*(MIN(R$87,$B99)-20))+0.095*EXP(-0.138*(MAX(R$87,$B99)-MIN(R$87,$B99)-5))-0.104*IF($A99=R$86,0,1)) | S99: =IF(OR(S$86="",S$87="",$A99="",$B99=""),"",0.716-0.003*EXP(-0.258*(MIN(S$87,$B99)-20))+0.095*EXP(-0.138*(MAX(S$87,$B99)-MIN(S$87,$B99)-5))-0.104*IF($A99=S$86,0,1)) | T99: =IF(OR(T$86="",T$87="",$A99="",$B99=""),"",0.716-0.003*EXP(-0.258*(MIN(T$87,$B99)-20))+0.095*EXP(-0.138*(MAX(T$87,$B99)-MIN(T$87,$B99)-5))-0.104*IF($A99=T$86,0,1)) | U99: =IF(OR(U$86="",U$87="",$A99="",$B99=""),"",0.716-0.003*EXP(-0.258*(MIN(U$87,$B99)-20))+0.095*EXP(-0.138*(MAX(U$87,$B99)-MIN(U$87,$B99)-5))-0.104*IF($A99=U$86,0,1)) | V99: =IF(OR(V$86="",V$87="",$A99="",$B99=""),"",0.716-0.003*EXP(-0.258*(MIN(V$87,$B99)-20))+0.095*EXP(-0.138*(MAX(V$87,$B99)-MIN(V$87,$B99)-5))-0.104*IF($A99=V$86,0,1))
A100: =IF(Main!T15="","",Main!T15) | B100: =IF(Main!G15="","",Main!G15) | C100: =IF(OR(C$86="",C$87="",$A100="",$B100=""),"",0.716-0.003*EXP(-0.258*(MIN(C$87,$B100)-20))+0.095*EXP(-0.138*(MAX(C$87,$B100)-MIN(C$87,$B100)-5))-0.104*IF($A100=C$86,0,1)) | D100: =IF(OR(D$86="",D$87="",$A100="",$B100=""),"",0.716-0.003*EXP(-0.258*(MIN(D$87,$B100)-20))+0.095*EXP(-0.138*(MAX(D$87,$B100)-MIN(D$87,$B100)-5))-0.104*IF($A100=D$86,0,1)) | E100: =IF(OR(E$86="",E$87="",$A100="",$B100=""),"",0.716-0.003*EXP(-0.258*(MIN(E$87,$B100)-20))+0.095*EXP(-0.138*(MAX(E$87,$B100)-MIN(E$87,$B100)-5))-0.104*IF($A100=E$86,0,1)) | F100: =IF(OR(F$86="",F$87="",$A100="",$B100=""),"",0.716-0.003*EXP(-0.258*(MIN(F$87,$B100)-20))+0.095*EXP(-0.138*(MAX(F$87,$B100)-MIN(F$87,$B100)-5))-0.104*IF($A100=F$86,0,1)) | G100: =IF(OR(G$86="",G$87="",$A100="",$B100=""),"",0.716-0.003*EXP(-0.258*(MIN(G$87,$B100)-20))+0.095*EXP(-0.138*(MAX(G$87,$B100)-MIN(G$87,$B100)-5))-0.104*IF($A100=G$86,0,1)) | H100: =IF(OR(H$86="",H$87="",$A100="",$B100=""),"",0.716-0.003*EXP(-0.258*(MIN(H$87,$B100)-20))+0.095*EXP(-0.138*(MAX(H$87,$B100)-MIN(H$87,$B100)-5))-0.104*IF($A100=H$86,0,1)) | I100: =IF(OR(I$86="",I$87="",$A100="",$B100=""),"",0.716-0.003*EXP(-0.258*(MIN(I$87,$B100)-20))+0.095*EXP(-0.138*(MAX(I$87,$B100)-MIN(I$87,$B100)-5))-0.104*IF($A100=I$86,0,1)) | J100: =IF(OR(J$86="",J$87="",$A100="",$B100=""),"",0.716-0.003*EXP(-0.258*(MIN(J$87,$B100)-20))+0.095*EXP(-0.138*(MAX(J$87,$B100)-MIN(J$87,$B100)-5))-0.104*IF($A100=J$86,0,1)) | ... N100: =IF(OR(N$86="",N$87="",$A100="",$B100=""),"",0.716-0.003*EXP(-0.258*(MIN(N$87,$B100)-20))+0.095*EXP(-0.138*(MAX(N$87,$B100)-MIN(N$87,$B100)-5))-0.104*IF($A100=N$86,0,1)) | O100: =IF(OR(O$86="",O$87="",$A100="",$B100=""),"",1) | P100: =IF(OR(P$86="",P$87="",$A100="",$B100=""),"",0.716-0.003*EXP(-0.258*(MIN(P$87,$B100)-20))+0.095*EXP(-0.138*(MAX(P$87,$B100)-MIN(P$87,$B100)-5))-0.104*IF($A100=P$86,0,1)) | Q100: =IF(OR(Q$86="",Q$87="",$A100="",$B100=""),"",0.716-0.003*EXP(-0.258*(MIN(Q$87,$B100)-20))+0.095*EXP(-0.138*(MAX(Q$87,$B100)-MIN(Q$87,$B100)-5))-0.104*IF($A100=Q$86,0,1)) | R100: =IF(OR(R$86="",R$87="",$A100="",$B100=""),"",0.716-0.003*EXP(-0.258*(MIN(R$87,$B100)-20))+0.095*EXP(-0.138*(MAX(R$87,$B100)-MIN(R$87,$B100)-5))-0.104*IF($A100=R$86,0,1)) | S100: =IF(OR(S$86="",S$87="",$A100="",$B100=""),"",0.716-0.003*EXP(-0.258*(MIN(S$87,$B100)-20))+0.095*EXP(-0.138*(MAX(S$87,$B100)-MIN(S$87,$B100)-5))-0.104*IF($A100=S$86,0,1)) | T100: =IF(OR(T$86="",T$87="",$A100="",$B100=""),"",0.716-0.003*EXP(-0.258*(MIN(T$87,$B100)-20))+0.095*EXP(-0.138*(MAX(T$87,$B100)-MIN(T$87,$B100)-5))-0.104*IF($A100=T$86,0,1)) | U100: =IF(OR(U$86="",U$87="",$A100="",$B100=""),"",0.716-0.003*EXP(-0.258*(MIN(U$87,$B100)-20))+0.095*EXP(-0.138*(MAX(U$87,$B100)-MIN(U$87,$B100)-5))-0.104*IF($A100=U$86,0,1)) | V100: =IF(OR(V$86="",V$87="",$A100="",$B100=""),"",0.716-0.003*EXP(-0.258*(MIN(V$87,$B100)-20))+0.095*EXP(-0.138*(MAX(V$87,$B100)-MIN(V$87,$B100)-5))-0.104*IF($A100=V$86,0,1))
A101: =IF(Main!T16="","",Main!T16) | B101: =IF(Main!G16="","",Main!G16) | C101: =IF(OR(C$86="",C$87="",$A101="",$B101=""),"",0.716-0.003*EXP(-0.258*(MIN(C$87,$B101)-20))+0.095*EXP(-0.138*(MAX(C$87,$B101)-MIN(C$87,$B101)-5))-0.104*IF($A101=C$86,0,1)) | D101: =IF(OR(D$86="",D$87="",$A101="",$B101=""),"",0.716-0.003*EXP(-0.258*(MIN(D$87,$B101)-20))+0.095*EXP(-0.138*(MAX(D$87,$B101)-MIN(D$87,$B101)-5))-0.104*IF($A101=D$86,0,1)) | E101: =IF(OR(E$86="",E$87="",$A101="",$B101=""),"",0.716-0.003*EXP(-0.258*(MIN(E$87,$B101)-20))+0.095*EXP(-0.138*(MAX(E$87,$B101)-MIN(E$87,$B101)-5))-0.104*IF($A101=E$86,0,1)) | F101: =IF(OR(F$86="",F$87="",$A101="",$B101=""),"",0.716-0.003*EXP(-0.258*(MIN(F$87,$B101)-20))+0.095*EXP(-0.138*(MAX(F$87,$B101)-MIN(F$87,$B101)-5))-0.104*IF($A101=F$86,0,1)) | G101: =IF(OR(G$86="",G$87="",$A101="",$B101=""),"",0.716-0.003*EXP(-0.258*(MIN(G$87,$B101)-20))+0.095*EXP(-0.138*(MAX(G$87,$B101)-MIN(G$87,$B101)-5))-0.104*IF($A101=G$86,0,1)) | H101: =IF(OR(H$86="",H$87="",$A101="",$B101=""),"",0.716-0.003*EXP(-0.258*(MIN(H$87,$B101)-20))+0.095*EXP(-0.138*(MAX(H$87,$B101)-MIN(H$87,$B101)-5))-0.104*IF($A101=H$86,0,1)) | I101: =IF(OR(I$86="",I$87="",$A101="",$B101=""),"",0.716-0.003*EXP(-0.258*(MIN(I$87,$B101)-20))+0.095*EXP(-0.138*(MAX(I$87,$B101)-MIN(I$87,$B101)-5))-0.104*IF($A101=I$86,0,1)) | J101: =IF(OR(J$86="",J$87="",$A101="",$B101=""),"",0.716-0.003*EXP(-0.258*(MIN(J$87,$B101)-20))+0.095*EXP(-0.138*(MAX(J$87,$B101)-MIN(J$87,$B101)-5))-0.104*IF($A101=J$86,0,1)) | ... O101: =IF(OR(O$86="",O$87="",$A101="",$B101=""),"",0.716-0.003*EXP(-0.258*(MIN(O$87,$B101)-20))+0.095*EXP(-0.138*(MAX(O$87,$B101)-MIN(O$87,$B101)-5))-0.104*IF($A101=O$86,0,1)) | P101: =IF(OR(P$86="",P$87="",$A101="",$B101=""),"",1) | Q101: =IF(OR(Q$86="",Q$87="",$A101="",$B101=""),"",0.716-0.003*EXP(-0.258*(MIN(Q$87,$B101)-20))+0.095*EXP(-0.138*(MAX(Q$87,$B101)-MIN(Q$87,$B101)-5))-0.104*IF($A101=Q$86,0,1)) | R101: =IF(OR(R$86="",R$87="",$A101="",$B101=""),"",0.716-0.003*EXP(-0.258*(MIN(R$87,$B101)-20))+0.095*EXP(-0.138*(MAX(R$87,$B101)-MIN(R$87,$B101)-5))-0.104*IF($A101=R$86,0,1)) | S101: =IF(OR(S$86="",S$87="",$A101="",$B101=""),"",0.716-0.003*EXP(-0.258*(MIN(S$87,$B101)-20))+0.095*EXP(-0.138*(MAX(S$87,$B101)-MIN(S$87,$B101)-5))-0.104*IF($A101=S$86,0,1)) | T101: =IF(OR(T$86="",T$87="",$A101="",$B101=""),"",0.716-0.003*EXP(-0.258*(MIN(T$87,$B101)-20))+0.095*EXP(-0.138*(MAX(T$87,$B101)-MIN(T$87,$B101)-5))-0.104*IF($A101=T$86,0,1)) | U101: =IF(OR(U$86="",U$87="",$A101="",$B101=""),"",0.716-0.003*EXP(-0.258*(MIN(U$87,$B101)-20))+0.095*EXP(-0.138*(MAX(U$87,$B101)-MIN(U$87,$B101)-5))-0.104*IF($A101=U$86,0,1)) | V101: =IF(OR(V$86="",V$87="",$A101="",$B101=""),"",0.716-0.003*EXP(-0.258*(MIN(V$87,$B101)-20))+0.095*EXP(-0.138*(MAX(V$87,$B101)-MIN(V$87,$B101)-5))-0.104*IF($A101=V$86,0,1))
A102: =IF(Main!T17="","",Main!T17) | B102: =IF(Main!G17="","",Main!G17) | C102: =IF(OR(C$86="",C$87="",$A102="",$B102=""),"",0.716-0.003*EXP(-0.258*(MIN(C$87,$B102)-20))+0.095*EXP(-0.138*(MAX(C$87,$B102)-MIN(C$87,$B102)-5))-0.104*IF($A102=C$86,0,1)) | D102: =IF(OR(D$86="",D$87="",$A102="",$B102=""),"",0.716-0.003*EXP(-0.258*(MIN(D$87,$B102)-20))+0.095*EXP(-0.138*(MAX(D$87,$B102)-MIN(D$87,$B102)-5))-0.104*IF($A102=D$86,0,1)) | E102: =IF(OR(E$86="",E$87="",$A102="",$B102=""),"",0.716-0.003*EXP(-0.258*(MIN(E$87,$B102)-20))+0.095*EXP(-0.138*(MAX(E$87,$B102)-MIN(E$87,$B102)-5))-0.104*IF($A102=E$86,0,1)) | F102: =IF(OR(F$86="",F$87="",$A102="",$B102=""),"",0.716-0.003*EXP(-0.258*(MIN(F$87,$B102)-20))+0.095*EXP(-0.138*(MAX(F$87,$B102)-MIN(F$87,$B102)-5))-0.104*IF($A102=F$86,0,1)) | G102: =IF(OR(G$86="",G$87="",$A102="",$B102=""),"",0.716-0.003*EXP(-0.258*(MIN(G$87,$B102)-20))+0.095*EXP(-0.138*(MAX(G$87,$B102)-MIN(G$87,$B102)-5))-0.104*IF($A102=G$86,0,1)) | H102: =IF(OR(H$86="",H$87="",$A102="",$B102=""),"",0.716-0.003*EXP(-0.258*(MIN(H$87,$B102)-20))+0.095*EXP(-0.138*(MAX(H$87,$B102)-MIN(H$87,$B102)-5))-0.104*IF($A102=H$86,0,1)) | I102: =IF(OR(I$86="",I$87="",$A102="",$B102=""),"",0.716-0.003*EXP(-0.258*(MIN(I$87,$B102)-20))+0.095*EXP(-0.138*(MAX(I$87,$B102)-MIN(I$87,$B102)-5))-0.104*IF($A102=I$86,0,1)) | J102: =IF(OR(J$86="",J$87="",$A102="",$B102=""),"",0.716-0.003*EXP(-0.258*(MIN(J$87,$B102)-20))+0.095*EXP(-0.138*(MAX(J$87,$B102)-MIN(J$87,$B102)-5))-0.104*IF($A102=J$86,0,1)) | ... P102: =IF(OR(P$86="",P$87="",$A102="",$B102=""),"",0.716-0.003*EXP(-0.258*(MIN(P$87,$B102)-20))+0.095*EXP(-0.138*(MAX(P$87,$B102)-MIN(P$87,$B102)-5))-0.104*IF($A102=P$86,0,1)) | Q102: =IF(OR(Q$86="",Q$87="",$A102="",$B102=""),"",1) | R102: =IF(OR(R$86="",R$87="",$A102="",$B102=""),"",0.716-0.003*EXP(-0.258*(MIN(R$87,$B102)-20))+0.095*EXP(-0.138*(MAX(R$87,$B102)-MIN(R$87,$B102)-5))-0.104*IF($A102=R$86,0,1)) | S102: =IF(OR(S$86="",S$87="",$A102="",$B102=""),"",0.716-0.003*EXP(-0.258*(MIN(S$87,$B102)-20))+0.095*EXP(-0.138*(MAX(S$87,$B102)-MIN(S$87,$B102)-5))-0.104*IF($A102=S$86,0,1)) | T102: =IF(OR(T$86="",T$87="",$A102="",$B102=""),"",0.716-0.003*EXP(-0.258*(MIN(T$87,$B102)-20))+0.095*EXP(-0.138*(MAX(T$87,$B102)-MIN(T$87,$B102)-5))-0.104*IF($A102=T$86,0,1)) | U102: =IF(OR(U$86="",U$87="",$A102="",$B102=""),"",0.716-0.003*EXP(-0.258*(MIN(U$87,$B102)-20))+0.095*EXP(-0.138*(MAX(U$87,$B102)-MIN(U$87,$B102)-5))-0.104*IF($A102=U$86,0,1)) | V102: =IF(OR(V$86="",V$87="",$A102="",$B102=""),"",0.716-0.003*EXP(-0.258*(MIN(V$87,$B102)-20))+0.095*EXP(-0.138*(MAX(V$87,$B102)-MIN(V$87,$B102)-5))-0.104*IF($A102=V$86,0,1))
A103: =IF(Main!T18="","",Main!T18) | B103: =IF(Main!G18="","",Main!G18) | C103: =IF(OR(C$86="",C$87="",$A103="",$B103=""),"",0.716-0.003*EXP(-0.258*(MIN(C$87,$B103)-20))+0.095*EXP(-0.138*(MAX(C$87,$B103)-MIN(C$87,$B103)-5))-0.104*IF($A103=C$86,0,1)) | D103: =IF(OR(D$86="",D$87="",$A103="",$B103=""),"",0.716-0.003*EXP(-0.258*(MIN(D$87,$B103)-20))+0.095*EXP(-0.138*(MAX(D$87,$B103)-MIN(D$87,$B103)-5))-0.104*IF($A103=D$86,0,1)) | E103: =IF(OR(E$86="",E$87="",$A103="",$B103=""),"",0.716-0.003*EXP(-0.258*(MIN(E$87,$B103)-20))+0.095*EXP(-0.138*(MAX(E$87,$B103)-MIN(E$87,$B103)-5))-0.104*IF($A103=E$86,0,1)) | F103: =IF(OR(F$86="",F$87="",$A103="",$B103=""),"",0.716-0.003*EXP(-0.258*(MIN(F$87,$B103)-20))+0.095*EXP(-0.138*(MAX(F$87,$B103)-MIN(F$87,$B103)-5))-0.104*IF($A103=F$86,0,1)) | G103: =IF(OR(G$86="",G$87="",$A103="",$B103=""),"",0.716-0.003*EXP(-0.258*(MIN(G$87,$B103)-20))+0.095*EXP(-0.138*(MAX(G$87,$B103)-MIN(G$87,$B103)-5))-0.104*IF($A103=G$86,0,1)) | H103: =IF(OR(H$86="",H$87="",$A103="",$B103=""),"",0.716-0.003*EXP(-0.258*(MIN(H$87,$B103)-20))+0.095*EXP(-0.138*(MAX(H$87,$B103)-MIN(H$87,$B103)-5))-0.104*IF($A103=H$86,0,1)) | I103: =IF(OR(I$86="",I$87="",$A103="",$B103=""),"",0.716-0.003*EXP(-0.258*(MIN(I$87,$B103)-20))+0.095*EXP(-0.138*(MAX(I$87,$B103)-MIN(I$87,$B103)-5))-0.104*IF($A103=I$86,0,1)) | J103: =IF(OR(J$86="",J$87="",$A103="",$B103=""),"",0.716-0.003*EXP(-0.258*(MIN(J$87,$B103)-20))+0.095*EXP(-0.138*(MAX(J$87,$B103)-MIN(J$87,$B103)-5))-0.104*IF($A103=J$86,0,1)) | ... Q103: =IF(OR(Q$86="",Q$87="",$A103="",$B103=""),"",0.716-0.003*EXP(-0.258*(MIN(Q$87,$B103)-20))+0.095*EXP(-0.138*(MAX(Q$87,$B103)-MIN(Q$87,$B103)-5))-0.104*IF($A103=Q$86,0,1)) | R103: =IF(OR(R$86="",R$87="",$A103="",$B103=""),"",1) | S103: =IF(OR(S$86="",S$87="",$A103="",$B103=""),"",0.716-0.003*EXP(-0.258*(MIN(S$87,$B103)-20))+0.095*EXP(-0.138*(MAX(S$87,$B103)-MIN(S$87,$B103)-5))-0.104*IF($A103=S$86,0,1)) | T103: =IF(OR(T$86="",T$87="",$A103="",$B103=""),"",0.716-0.003*EXP(-0.258*(MIN(T$87,$B103)-20))+0.095*EXP(-0.138*(MAX(T$87,$B103)-MIN(T$87,$B103)-5))-0.104*IF($A103=T$86,0,1)) | U103: =IF(OR(U$86="",U$87="",$A103="",$B103=""),"",0.716-0.003*EXP(-0.258*(MIN(U$87,$B103)-20))+0.095*EXP(-0.138*(MAX(U$87,$B103)-MIN(U$87,$B103)-5))-0.104*IF($A103=U$86,0,1)) | V103: =IF(OR(V$86="",V$87="",$A103="",$B103=""),"",0.716-0.003*EXP(-0.258*(MIN(V$87,$B103)-20))+0.095*EXP(-0.138*(MAX(V$87,$B103)-MIN(V$87,$B103)-5))-0.104*IF($A103=V$86,0,1))
A104: =IF(Main!T19="","",Main!T19) | B104: =IF(Main!G19="","",Main!G19) | C104: =IF(OR(C$86="",C$87="",$A104="",$B104=""),"",0.716-0.003*EXP(-0.258*(MIN(C$87,$B104)-20))+0.095*EXP(-0.138*(MAX(C$87,$B104)-MIN(C$87,$B104)-5))-0.104*IF($A104=C$86,0,1)) | D104: =IF(OR(D$86="",D$87="",$A104="",$B104=""),"",0.716-0.003*EXP(-0.258*(MIN(D$87,$B104)-20))+0.095*EXP(-0.138*(MAX(D$87,$B104)-MIN(D$87,$B104)-5))-0.104*IF($A104=D$86,0,1)) | E104: =IF(OR(E$86="",E$87="",$A104="",$B104=""),"",0.716-0.003*EXP(-0.258*(MIN(E$87,$B104)-20))+0.095*EXP(-0.138*(MAX(E$87,$B104)-MIN(E$87,$B104)-5))-0.104*IF($A104=E$86,0,1)) | F104: =IF(OR(F$86="",F$87="",$A104="",$B104=""),"",0.716-0.003*EXP(-0.258*(MIN(F$87,$B104)-20))+0.095*EXP(-0.138*(MAX(F$87,$B104)-MIN(F$87,$B104)-5))-0.104*IF($A104=F$86,0,1)) | G104: =IF(OR(G$86="",G$87="",$A104="",$B104=""),"",0.716-0.003*EXP(-0.258*(MIN(G$87,$B104)-20))+0.095*EXP(-0.138*(MAX(G$87,$B104)-MIN(G$87,$B104)-5))-0.104*IF($A104=G$86,0,1)) | H104: =IF(OR(H$86="",H$87="",$A104="",$B104=""),"",0.716-0.003*EXP(-0.258*(MIN(H$87,$B104)-20))+0.095*EXP(-0.138*(MAX(H$87,$B104)-MIN(H$87,$B104)-5))-0.104*IF($A104=H$86,0,1)) | I104: =IF(OR(I$86="",I$87="",$A104="",$B104=""),"",0.716-0.003*EXP(-0.258*(MIN(I$87,$B104)-20))+0.095*EXP(-0.138*(MAX(I$87,$B104)-MIN(I$87,$B104)-5))-0.104*IF($A104=I$86,0,1)) | J104: =IF(OR(J$86="",J$87="",$A104="",$B104=""),"",0.716-0.003*EXP(-0.258*(MIN(J$87,$B104)-20))+0.095*EXP(-0.138*(MAX(J$87,$B104)-MIN(J$87,$B104)-5))-0.104*IF($A104=J$86,0,1)) | ... R104: =IF(OR(R$86="",R$87="",$A104="",$B104=""),"",0.716-0.003*EXP(-0.258*(MIN(R$87,$B104)-20))+0.095*EXP(-0.138*(MAX(R$87,$B104)-MIN(R$87,$B104)-5))-0.104*IF($A104=R$86,0,1)) | S104: =IF(OR(S$86="",S$87="",$A104="",$B104=""),"",1) | T104: =IF(OR(T$86="",T$87="",$A104="",$B104=""),"",0.716-0.003*EXP(-0.258*(MIN(T$87,$B104)-20))+0.095*EXP(-0.138*(MAX(T$87,$B104)-MIN(T$87,$B104)-5))-0.104*IF($A104=T$86,0,1)) | U104: =IF(OR(U$86="",U$87="",$A104="",$B104=""),"",0.716-0.003*EXP(-0.258*(MIN(U$87,$B104)-20))+0.095*EXP(-0.138*(MAX(U$87,$B104)-MIN(U$87,$B104)-5))-0.104*IF($A104=U$86,0,1)) | V104: =IF(OR(V$86="",V$87="",$A104="",$B104=""),"",0.716-0.003*EXP(-0.258*(MIN(V$87,$B104)-20))+0.095*EXP(-0.138*(MAX(V$87,$B104)-MIN(V$87,$B104)-5))-0.104*IF($A104=V$86,0,1))
A105: =IF(Main!T20="","",Main!T20) | B105: =IF(Main!G20="","",Main!G20) | C105: =IF(OR(C$86="",C$87="",$A105="",$B105=""),"",0.716-0.003*EXP(-0.258*(MIN(C$87,$B105)-20))+0.095*EXP(-0.138*(MAX(C$87,$B105)-MIN(C$87,$B105)-5))-0.104*IF($A105=C$86,0,1)) | D105: =IF(OR(D$86="",D$87="",$A105="",$B105=""),"",0.716-0.003*EXP(-0.258*(MIN(D$87,$B105)-20))+0.095*EXP(-0.138*(MAX(D$87,$B105)-MIN(D$87,$B105)-5))-0.104*IF($A105=D$86,0,1)) | E105: =IF(OR(E$86="",E$87="",$A105="",$B105=""),"",0.716-0.003*EXP(-0.258*(MIN(E$87,$B105)-20))+0.095*EXP(-0.138*(MAX(E$87,$B105)-MIN(E$87,$B105)-5))-0.104*IF($A105=E$86,0,1)) | F105: =IF(OR(F$86="",F$87="",$A105="",$B105=""),"",0.716-0.003*EXP(-0.258*(MIN(F$87,$B105)-20))+0.095*EXP(-0.138*(MAX(F$87,$B105)-MIN(F$87,$B105)-5))-0.104*IF($A105=F$86,0,1)) | G105: =IF(OR(G$86="",G$87="",$A105="",$B105=""),"",0.716-0.003*EXP(-0.258*(MIN(G$87,$B105)-20))+0.095*EXP(-0.138*(MAX(G$87,$B105)-MIN(G$87,$B105)-5))-0.104*IF($A105=G$86,0,1)) | H105: =IF(OR(H$86="",H$87="",$A105="",$B105=""),"",0.716-0.003*EXP(-0.258*(MIN(H$87,$B105)-20))+0.095*EXP(-0.138*(MAX(H$87,$B105)-MIN(H$87,$B105)-5))-0.104*IF($A105=H$86,0,1)) | I105: =IF(OR(I$86="",I$87="",$A105="",$B105=""),"",0.716-0.003*EXP(-0.258*(MIN(I$87,$B105)-20))+0.095*EXP(-0.138*(MAX(I$87,$B105)-MIN(I$87,$B105)-5))-0.104*IF($A105=I$86,0,1)) | J105: =IF(OR(J$86="",J$87="",$A105="",$B105=""),"",0.716-0.003*EXP(-0.258*(MIN(J$87,$B105)-20))+0.095*EXP(-0.138*(MAX(J$87,$B105)-MIN(J$87,$B105)-5))-0.104*IF($A105=J$86,0,1)) | ... S105: =IF(OR(S$86="",S$87="",$A105="",$B105=""),"",0.716-0.003*EXP(-0.258*(MIN(S$87,$B105)-20))+0.095*EXP(-0.138*(MAX(S$87,$B105)-MIN(S$87,$B105)-5))-0.104*IF($A105=S$86,0,1)) | T105: =IF(OR(T$86="",T$87="",$A105="",$B105=""),"",1) | U105: =IF(OR(U$86="",U$87="",$A105="",$B105=""),"",0.716-0.003*EXP(-0.258*(MIN(U$87,$B105)-20))+0.095*EXP(-0.138*(MAX(U$87,$B105)-MIN(U$87,$B105)-5))-0.104*IF($A105=U$86,0,1)) | V105: =IF(OR(V$86="",V$87="",$A105="",$B105=""),"",0.716-0.003*EXP(-0.258*(MIN(V$87,$B105)-20))+0.095*EXP(-0.138*(MAX(V$87,$B105)-MIN(V$87,$B105)-5))-0.104*IF($A105=V$86,0,1))
A106: =IF(Main!T21="","",Main!T21) | B106: =IF(Main!G21="","",Main!G21) | C106: =IF(OR(C$86="",C$87="",$A106="",$B106=""),"",0.716-0.003*EXP(-0.258*(MIN(C$87,$B106)-20))+0.095*EXP(-0.138*(MAX(C$87,$B106)-MIN(C$87,$B106)-5))-0.104*IF($A106=C$86,0,1)) | D106: =IF(OR(D$86="",D$87="",$A106="",$B106=""),"",0.716-0.003*EXP(-0.258*(MIN(D$87,$B106)-20))+0.095*EXP(-0.138*(MAX(D$87,$B106)-MIN(D$87,$B106)-5))-0.104*IF($A106=D$86,0,1)) | E106: =IF(OR(E$86="",E$87="",$A106="",$B106=""),"",0.716-0.003*EXP(-0.258*(MIN(E$87,$B106)-20))+0.095*EXP(-0.138*(MAX(E$87,$B106)-MIN(E$87,$B106)-5))-0.104*IF($A106=E$86,0,1)) | F106: =IF(OR(F$86="",F$87="",$A106="",$B106=""),"",0.716-0.003*EXP(-0.258*(MIN(F$87,$B106)-20))+0.095*EXP(-0.138*(MAX(F$87,$B106)-MIN(F$87,$B106)-5))-0.104*IF($A106=F$86,0,1)) | G106: =IF(OR(G$86="",G$87="",$A106="",$B106=""),"",0.716-0.003*EXP(-0.258*(MIN(G$87,$B106)-20))+0.095*EXP(-0.138*(MAX(G$87,$B106)-MIN(G$87,$B106)-5))-0.104*IF($A106=G$86,0,1)) | H106: =IF(OR(H$86="",H$87="",$A106="",$B106=""),"",0.716-0.003*EXP(-0.258*(MIN(H$87,$B106)-20))+0.095*EXP(-0.138*(MAX(H$87,$B106)-MIN(H$87,$B106)-5))-0.104*IF($A106=H$86,0,1)) | I106: =IF(OR(I$86="",I$87="",$A106="",$B106=""),"",0.716-0.003*EXP(-0.258*(MIN(I$87,$B106)-20))+0.095*EXP(-0.138*(MAX(I$87,$B106)-MIN(I$87,$B106)-5))-0.104*IF($A106=I$86,0,1)) | J106: =IF(OR(J$86="",J$87="",$A106="",$B106=""),"",0.716-0.003*EXP(-0.258*(MIN(J$87,$B106)-20))+0.095*EXP(-0.138*(MAX(J$87,$B106)-MIN(J$87,$B106)-5))-0.104*IF($A106=J$86,0,1)) | ... T106: =IF(OR(T$86="",T$87="",$A106="",$B106=""),"",0.716-0.003*EXP(-0.258*(MIN(T$87,$B106)-20))+0.095*EXP(-0.138*(MAX(T$87,$B106)-MIN(T$87,$B106)-5))-0.104*IF($A106=T$86,0,1)) | U106: =IF(OR(U$86="",U$87="",$A106="",$B106=""),"",1) | V106: =IF(OR(V$86="",V$87="",$A106="",$B106=""),"",0.716-0.003*EXP(-0.258*(MIN(V$87,$B106)-20))+0.095*EXP(-0.138*(MAX(V$87,$B106)-MIN(V$87,$B106)-5))-0.104*IF($A106=V$86,0,1))
A107: =IF(Main!T22="","",Main!T22) | B107: =IF(Main!G22="","",Main!G22) | C107: =IF(OR(C$86="",C$87="",$A107="",$B107=""),"",0.716-0.003*EXP(-0.258*(MIN(C$87,$B107)-20))+0.095*EXP(-0.138*(MAX(C$87,$B107)-MIN(C$87,$B107)-5))-0.104*IF($A107=C$86,0,1)) | D107: =IF(OR(D$86="",D$87="",$A107="",$B107=""),"",0.716-0.003*EXP(-0.258*(MIN(D$87,$B107)-20))+0.095*EXP(-0.138*(MAX(D$87,$B107)-MIN(D$87,$B107)-5))-0.104*IF($A107=D$86,0,1)) | E107: =IF(OR(E$86="",E$87="",$A107="",$B107=""),"",0.716-0.003*EXP(-0.258*(MIN(E$87,$B107)-20))+0.095*EXP(-0.138*(MAX(E$87,$B107)-MIN(E$87,$B107)-5))-0.104*IF($A107=E$86,0,1)) | F107: =IF(OR(F$86="",F$87="",$A107="",$B107=""),"",0.716-0.003*EXP(-0.258*(MIN(F$87,$B107)-20))+0.095*EXP(-0.138*(MAX(F$87,$B107)-MIN(F$87,$B107)-5))-0.104*IF($A107=F$86,0,1)) | G107: =IF(OR(G$86="",G$87="",$A107="",$B107=""),"",0.716-0.003*EXP(-0.258*(MIN(G$87,$B107)-20))+0.095*EXP(-0.138*(MAX(G$87,$B107)-MIN(G$87,$B107)-5))-0.104*IF($A107=G$86,0,1)) | H107: =IF(OR(H$86="",H$87="",$A107="",$B107=""),"",0.716-0.003*EXP(-0.258*(MIN(H$87,$B107)-20))+0.095*EXP(-0.138*(MAX(H$87,$B107)-MIN(H$87,$B107)-5))-0.104*IF($A107=H$86,0,1)) | I107: =IF(OR(I$86="",I$87="",$A107="",$B107=""),"",0.716-0.003*EXP(-0.258*(MIN(I$87,$B107)-20))+0.095*EXP(-0.138*(MAX(I$87,$B107)-MIN(I$87,$B107)-5))-0.104*IF($A107=I$86,0,1)) | J107: =IF(OR(J$86="",J$87="",$A107="",$B107=""),"",0.716-0.003*EXP(-0.258*(MIN(J$87,$B107)-20))+0.095*EXP(-0.138*(MAX(J$87,$B107)-MIN(J$87,$B107)-5))-0.104*IF($A107=J$86,0,1)) | ... U107: =IF(OR(U$86="",U$87="",$A107="",$B107=""),"",0.716-0.003*EXP(-0.258*(MIN(U$87,$B107)-20))+0.095*EXP(-0.138*(MAX(U$87,$B107)-MIN(U$87,$B107)-5))-0.104*IF($A107=U$86,0,1)) | V107: =IF(OR(V$86="",V$87="",$A107="",$B107=""),"",1)

Sheet ChartCalculations
B1: Extremely Low | C1: Very Low | D1: Low | E1: Low Average | F1: Average | G1: High Average | H1: High | I1: Very High | J1: Extremely High | K1: Overall | L1: Ind Norml | M1: Ind Norm Tails | N1: CI | O1: Ranges
A2: 40 | B2: =IF($A2<=60,_xlfn.NORM.DIST($A2,100,15,FALSE),NA()) -> 8.9220151e-06 | C2: =IF(AND($A2>=60,$A2<=70),_xlfn.NORM.DIST($A2,100,15,FALSE),NA()) -> #N/A | D2: =IF(AND($A2>=70,$A2<=80),_xlfn.NORM.DIST($A2,100,15,FALSE),NA()) -> #N/A | E2: =IF(AND($A2>=80,$A2<=90),_xlfn.NORM.DIST($A2,100,15,FALSE),NA()) -> #N/A | F2: =IF(AND($A2>=90,$A2<=110),_xlfn.NORM.DIST($A2,100,15,FALSE),NA()) -> #N/A | G2: =IF(AND($A2>=110,$A2<=120),_xlfn.NORM.DIST($A2,100,15,FALSE),NA()) -> #N/A | H2: =IF(AND($A2>=120,$A2<=130),_xlfn.NORM.DIST($A2,100,15,FALSE),NA()) -> #N/A | I2: =IF(AND($A2>=130,$A2<=140),_xlfn.NORM.DIST($A2,100,15,FALSE),NA()) -> #N/A | J2: =IF($A2>=140,_xlfn.NORM.DIST($A2,100,15,FALSE),NA()) -> #N/A | K2: =_xlfn.NORM.DIST($A2,100,15,FALSE)+0.0002 -> 0.00020892202 | L2: =IF(AND(ABS((ChartCalculations!A2-Calculations!$F$3)/Calculations!$F$4)<5,OR(A2<=Calculations!$F$7,A2>=Calculations!$F$8)),0.0015+0.2*_xlfn.NORM.DIST(100,100,15,FALSE)*_xlfn.NORM.DIST(A2,Calculations!$F$3,Calculations!$F$4,FALSE)/_xlfn.NORM.DIST(Calculations!$F$3,Calculations!$F$3,Calculations!$F$4,FALSE),NA()) -> #N/A | M2: =IF(AND(A2>=Calculations!$F$7,A2<=Calculations!$F$8),0.0015+0.2*_xlfn.NORM.DIST(100,100,15,FALSE)*_xlfn.NORM.DIST(A2,Calculations!$F$3,Calculations!$F$4,FALSE)/_xlfn.NORM.DIST(Calculations!$F$3,Calculations!$F$3,Calculations!$F$4,FALSE),NA()) -> #N/A
A3: 40.1 | B3: =IF($A3<=60,_xlfn.NORM.DIST($A3,100,15,FALSE),NA()) -> 9.1629325e-06 | C3: =IF(AND($A3>=60,$A3<=70),_xlfn.NORM.DIST($A3,100,15,FALSE),NA()) -> #N/A | D3: =IF(AND($A3>=70,$A3<=80),_xlfn.NORM.DIST($A3,100,15,FALSE),NA()) -> #N/A | E3: =IF(AND($A3>=80,$A3<=90),_xlfn.NORM.DIST($A3,100,15,FALSE),NA()) -> #N/A | F3: =IF(AND($A3>=90,$A3<=110),_xlfn.NORM.DIST($A3,100,15,FALSE),NA()) -> #N/A | G3: =IF(AND($A3>=110,$A3<=120),_xlfn.NORM.DIST($A3,100,15,FALSE),NA()) -> #N/A | H3: =IF(AND($A3>=120,$A3<=130),_xlfn.NORM.DIST($A3,100,15,FALSE),NA()) -> #N/A | I3: =IF(AND($A3>=130,$A3<=140),_xlfn.NORM.DIST($A3,100,15,FALSE),NA()) -> #N/A | J3: =IF($A3>=140,_xlfn.NORM.DIST($A3,100,15,FALSE),NA()) -> #N/A | K3: =_xlfn.NORM.DIST($A3,100,15,FALSE)+0.0002 -> 0.00020916293 | L3: =IF(AND(ABS((ChartCalculations!A3-Calculations!$F$3)/Calculations!$F$4)<5,OR(A3<=Calculations!$F$7,A3>=Calculations!$F$8)),0.0015+0.2*_xlfn.NORM.DIST(100,100,15,FALSE)*_xlfn.NORM.DIST(A3,Calculations!$F$3,Calculations!$F$4,FALSE)/_xlfn.NORM.DIST(Calculations!$F$3,Calculations!$F$3,Calculations!$F$4,FALSE),NA()) -> #N/A | M3: =IF(AND(A3>=Calculations!$F$7,A3<=Calculations!$F$8),0.0015+0.2*_xlfn.NORM.DIST(100,100,15,FALSE)*_xlfn.NORM.DIST(A3,Calculations!$F$3,Calculations!$F$4,FALSE)/_xlfn.NORM.DIST(Calculations!$F$3,Calculations!$F$3,Calculations!$F$4,FALSE),NA()) -> #N/A
A4: 40.2 | B4: =IF($A4<=60,_xlfn.NORM.DIST($A4,100,15,FALSE),NA()) -> 9.4099371e-06 | C4: =IF(AND($A4>=60,$A4<=70),_xlfn.NORM.DIST($A4,100,15,FALSE),NA()) -> #N/A | D4: =IF(AND($A4>=70,$A4<=80),_xlfn.NORM.DIST($A4,100,15,FALSE),NA()) -> #N/A | E4: =IF(AND($A4>=80,$A4<=90),_xlfn.NORM.DIST($A4,100,15,FALSE),NA()) -> #N/A | F4: =IF(AND($A4>=90,$A4<=110),_xlfn.NORM.DIST($A4,100,15,FALSE),NA()) -> #N/A | G4: =IF(AND($A4>=110,$A4<=120),_xlfn.NORM.DIST($A4,100,15,FALSE),NA()) -> #N/A | H4: =IF(AND($A4>=120,$A4<=130),_xlfn.NORM.DIST($A4,100,15,FALSE),NA()) -> #N/A | I4: =IF(AND($A4>=130,$A4<=140),_xlfn.NORM.DIST($A4,100,15,FALSE),NA()) -> #N/A | J4: =IF($A4>=140,_xlfn.NORM.DIST($A4,100,15,FALSE),NA()) -> #N/A | K4: =_xlfn.NORM.DIST($A4,100,15,FALSE)+0.0002 -> 0.00020940994 | L4: =IF(AND(ABS((ChartCalculations!A4-Calculations!$F$3)/Calculations!$F$4)<5,OR(A4<=Calculations!$F$7,A4>=Calculations!$F$8)),0.0015+0.2*_xlfn.NORM.DIST(100,100,15,FALSE)*_xlfn.NORM.DIST(A4,Calculations!$F$3,Calculations!$F$4,FALSE)/_xlfn.NORM.DIST(Calculations!$F$3,Calculations!$F$3,Calculations!$F$4,FALSE),NA()) -> #N/A | M4: =IF(AND(A4>=Calculations!$F$7,A4<=Calculations!$F$8),0.0015+0.2*_xlfn.NORM.DIST(100,100,15,FALSE)*_xlfn.NORM.DIST(A4,Calculations!$F$3,Calculations!$F$4,FALSE)/_xlfn.NORM.DIST(Calculations!$F$3,Calculations!$F$3,Calculations!$F$4,FALSE),NA()) -> #N/A
A5: 40.3 | B5: =IF($A5<=60,_xlfn.NORM.DIST($A5,100,15,FALSE),NA()) -> 9.6631707e-06 | C5: =IF(AND($A5>=60,$A5<=70),_xlfn.NORM.DIST($A5,100,15,FALSE),NA()) -> #N/A | D5: =IF(AND($A5>=70,$A5<=80),_xlfn.NORM.DIST($A5,100,15,FALSE),NA()) -> #N/A | E5: =IF(AND($A5>=80,$A5<=90),_xlfn.NORM.DIST($A5,100,15,FALSE),NA()) -> #N/A | F5: =IF(AND($A5>=90,$A5<=110),_xlfn.NORM.DIST($A5,100,15,FALSE),NA()) -> #N/A | G5: =IF(AND($A5>=110,$A5<=120),_xlfn.NORM.DIST($A5,100,15,FALSE),NA()) -> #N/A | H5: =IF(AND($A5>=120,$A5<=130),_xlfn.NORM.DIST($A5,100,15,FALSE),NA()) -> #N/A | I5: =IF(AND($A5>=130,$A5<=140),_xlfn.NORM.DIST($A5,100,15,FALSE),NA()) -> #N/A | J5: =IF($A5>=140,_xlfn.NORM.DIST($A5,100,15,FALSE),NA()) -> #N/A | K5: =_xlfn.NORM.DIST($A5,100,15,FALSE)+0.0002 -> 0.00020966317 | L5: =IF(AND(ABS((ChartCalculations!A5-Calculations!$F$3)/Calculations!$F$4)<5,OR(A5<=Calculations!$F$7,A5>=Calculations!$F$8)),0.0015+0.2*_xlfn.NORM.DIST(100,100,15,FALSE)*_xlfn.NORM.DIST(A5,Calculations!$F$3,Calculations!$F$4,FALSE)/_xlfn.NORM.DIST(Calculations!$F$3,Calculations!$F$3,Calculations!$F$4,FALSE),NA()) -> #N/A | M5: =IF(AND(A5>=Calculations!$F$7,A5<=Calculations!$F$8),0.0015+0.2*_xlfn.NORM.DIST(100,100,15,FALSE)*_xlfn.NORM.DIST(A5,Calculations!$F$3,Calculations!$F$4,FALSE)/_xlfn.NORM.DIST(Calculations!$F$3,Calculations!$F$3,Calculations!$F$4,FALSE),NA()) -> #N/A
A6: 40.4 | B6: =IF($A6<=60,_xlfn.NORM.DIST($A6,100,15,FALSE),NA()) -> 9.9227781e-06 | C6: =IF(AND($A6>=60,$A6<=70),_xlfn.NORM.DIST($A6,100,15,FALSE),NA()) -> #N/A | D6: =IF(AND($A6>=70,$A6<=80),_xlfn.NORM.DIST($A6,100,15,FALSE),NA()) -> #N/A | E6: =IF(AND($A6>=80,$A6<=90),_xlfn.NORM.DIST($A6,100,15,FALSE),NA()) -> #N/A | F6: =IF(AND($A6>=90,$A6<=110),_xlfn.NORM.DIST($A6,100,15,FALSE),NA()) -> #N/A | G6: =IF(AND($A6>=110,$A6<=120),_xlfn.NORM.DIST($A6,100,15,FALSE),NA()) -> #N/A | H6: =IF(AND($A6>=120,$A6<=130),_xlfn.NORM.DIST($A6,100,15,FALSE),NA()) -> #N/A | I6: =IF(AND($A6>=130,$A6<=140),_xlfn.NORM.DIST($A6,100,15,FALSE),NA()) -> #N/A | J6: =IF($A6>=140,_xlfn.NORM.DIST($A6,100,15,FALSE),NA()) -> #N/A | K6: =_xlfn.NORM.DIST($A6,100,15,FALSE)+0.0002 -> 0.00020992278 | L6: =IF(AND(ABS((ChartCalculations!A6-Calculations!$F$3)/Calculations!$F$4)<5,OR(A6<=Calculations!$F$7,A6>=Calculations!$F$8)),0.0015+0.2*_xlfn.NORM.DIST(100,100,15,FALSE)*_xlfn.NORM.DIST(A6,Calculations!$F$3,Calculations!$F$4,FALSE)/_xlfn.NORM.DIST(Calculations!$F$3,Calculations!$F$3,Calculations!$F$4,FALSE),NA()) -> #N/A | M6: =IF(AND(A6>=Calculations!$F$7,A6<=Calculations!$F$8),0.0015+0.2*_xlfn.NORM.DIST(100,100,15,FALSE)*_xlfn.NORM.DIST(A6,Calculations!$F$3,Calculations!$F$4,FALSE)/_xlfn.NORM.DIST(Calculations!$F$3,Calculations!$F$3,Calculations!$F$4,FALSE),NA()) -> #N/A
A7: 40.5 | B7: =IF($A7<=60,_xlfn.NORM.DIST($A7,100,15,FALSE),NA()) -> 1.0188907e-05 | C7: =IF(AND($A7>=60,$A7<=70),_xlfn.NORM.DIST($A7,100,15,FALSE),NA()) -> #N/A | D7: =IF(AND($A7>=70,$A7<=80),_xlfn.NORM.DIST($A7,100,15,FALSE),NA()) -> #N/A | E7: =IF(AND($A7>=80,$A7<=90),_xlfn.NORM.DIST($A7,100,15,FALSE),NA()) -> #N/A | F7: =IF(AND($A7>=90,$A7<=110),_xlfn.NORM.DIST($A7,100,15,FALSE),NA()) -> #N/A | G7: =IF(AND($A7>=110,$A7<=120),_xlfn.NORM.DIST($A7,100,15,FALSE),NA()) -> #N/A | H7: =IF(AND($A7>=120,$A7<=130),_xlfn.NORM.DIST($A7,100,15,FALSE),NA()) -> #N/A | I7: =IF(AND($A7>=130,$A7<=140),_xlfn.NORM.DIST($A7,100,15,FALSE),NA()) -> #N/A | J7: =IF($A7>=140,_xlfn.NORM.DIST($A7,100,15,FALSE),NA()) -> #N/A | K7: =_xlfn.NORM.DIST($A7,100,15,FALSE)+0.0002 -> 0.00021018891 | L7: =IF(AND(ABS((ChartCalculations!A7-Calculations!$F$3)/Calculations!$F$4)<5,OR(A7<=Calculations!$F$7,A7>=Calculations!$F$8)),0.0015+0.2*_xlfn.NORM.DIST(100,100,15,FALSE)*_xlfn.NORM.DIST(A7,Calculations!$F$3,Calculations!$F$4,FALSE)/_xlfn.NORM.DIST(Calculations!$F$3,Calculations!$F$3,Calculations!$F$4,FALSE),NA()) -> #N/A | M7: =IF(AND(A7>=Calculations!$F$7,A7<=Calculations!$F$8),0.0015+0.2*_xlfn.NORM.DIST(100,100,15,FALSE)*_xlfn.NORM.DIST(A7,Calculations!$F$3,Calculations!$F$4,FALSE)/_xlfn.NORM.DIST(Calculations!$F$3,Calculations!$F$3,Calculations!$F$4,FALSE),NA()) -> #N/A
A8: 40.6 | B8: =IF($A8<=60,_xlfn.NORM.DIST($A8,100,15,FALSE),NA()) -> 1.0461709e-05 | C8: =IF(AND($A8>=60,$A8<=70),_xlfn.NORM.DIST($A8,100,15,FALSE),NA()) -> #N/A | D8: =IF(AND($A8>=70,$A8<=80),_xlfn.NORM.DIST($A8,100,15,FALSE),NA()) -> #N/A | E8: =IF(AND($A8>=80,$A8<=90),_xlfn.NORM.DIST($A8,100,15,FALSE),NA()) -> #N/A | F8: =IF(AND($A8>=90,$A8<=110),_xlfn.NORM.DIST($A8,100,15,FALSE),NA()) -> #N/A | G8: =IF(AND($A8>=110,$A8<=120),_xlfn.NORM.DIST($A8,100,15,FALSE),NA()) -> #N/A | H8: =IF(AND($A8>=120,$A8<=130),_xlfn.NORM.DIST($A8,100,15,FALSE),NA()) -> #N/A | I8: =IF(AND($A8>=130,$A8<=140),_xlfn.NORM.DIST($A8,100,15,FALSE),NA()) -> #N/A | J8: =IF($A8>=140,_xlfn.NORM.DIST($A8,100,15,FALSE),NA()) -> #N/A | K8: =_xlfn.NORM.DIST($A8,100,15,FALSE)+0.0002 -> 0.00021046171 | L8: =IF(AND(ABS((ChartCalculations!A8-Calculations!$F$3)/Calculations!$F$4)<5,OR(A8<=Calculations!$F$7,A8>=Calculations!$F$8)),0.0015+0.2*_xlfn.NORM.DIST(100,100,15,FALSE)*_xlfn.NORM.DIST(A8,Calculations!$F$3,Calculations!$F$4,FALSE)/_xlfn.NORM.DIST(Calculations!$F$3,Calculations!$F$3,Calculations!$F$4,FALSE),NA()) -> #N/A | M8: =IF(AND(A8>=Calculations!$F$7,A8<=Calculations!$F$8),0.0015+0.2*_xlfn.NORM.DIST(100,100,15,FALSE)*_xlfn.NORM.DIST(A8,Calculations!$F$3,Calculations!$F$4,FALSE)/_xlfn.NORM.DIST(Calculations!$F$3,Calculations!$F$3,Calculations!$F$4,FALSE),NA()) -> #N/A
A9: 40.7 | B9: =IF($A9<=60,_xlfn.NORM.DIST($A9,100,15,FALSE),NA()) -> 1.0741337e-05 | C9: =IF(AND($A9>=60,$A9<=70),_xlfn.NORM.DIST($A9,100,15,FALSE),NA()) -> #N/A | D9: =IF(AND($A9>=70,$A9<=80),_xlfn.NORM.DIST($A9,100,15,FALSE),NA()) -> #N/A | E9: =IF(AND($A9>=80,$A9<=90),_xlfn.NORM.DIST($A9,100,15,FALSE),NA()) -> #N/A | F9: =IF(AND($A9>=90,$A9<=110),_xlfn.NORM.DIST($A9,100,15,FALSE),NA()) -> #N/A | G9: =IF(AND($A9>=110,$A9<=120),_xlfn.NORM.DIST($A9,100,15,FALSE),NA()) -> #N/A | H9: =IF(AND($A9>=120,$A9<=130),_xlfn.NORM.DIST($A9,100,15,FALSE),NA()) -> #N/A | I9: =IF(AND($A9>=130,$A9<=140),_xlfn.NORM.DIST($A9,100,15,FALSE),NA()) -> #N/A | J9: =IF($A9>=140,_xlfn.NORM.DIST($A9,100,15,FALSE),NA()) -> #N/A | K9: =_xlfn.NORM.DIST($A9,100,15,FALSE)+0.0002 -> 0.00021074134 | L9: =IF(AND(ABS((ChartCalculations!A9-Calculations!$F$3)/Calculations!$F$4)<5,OR(A9<=Calculations!$F$7,A9>=Calculations!$F$8)),0.0015+0.2*_xlfn.NORM.DIST(100,100,15,FALSE)*_xlfn.NORM.DIST(A9,Calculations!$F$3,Calculations!$F$4,FALSE)/_xlfn.NORM.DIST(Calculations!$F$3,Calculations!$F$3,Calculations!$F$4,FALSE),NA()) -> #N/A | M9: =IF(AND(A9>=Calculations!$F$7,A9<=Calculations!$F$8),0.0015+0.2*_xlfn.NORM.DIST(100,100,15,FALSE)*_xlfn.NORM.DIST(A9,Calculations!$F$3,Calculations!$F$4,FALSE)/_xlfn.NORM.DIST(Calculations!$F$3,Calculations!$F$3,Calculations!$F$4,FALSE),NA()) -> #N/A
A10: 40.8 | B10: =IF($A10<=60,_xlfn.NORM.DIST($A10,100,15,FALSE),NA()) -> 1.102795e-05 | C10: =IF(AND($A10>=60,$A10<=70),_xlfn.NORM.DIST($A10,100,15,FALSE),NA()) -> #N/A | D10: =IF(AND($A10>=70,$A10<=80),_xlfn.NORM.DIST($A10,100,15,FALSE),NA()) -> #N/A | E10: =IF(AND($A10>=80,$A10<=90),_xlfn.NORM.DIST($A10,100,15,FALSE),NA()) -> #N/A | F10: =IF(AND($A10>=90,$A10<=110),_xlfn.NORM.DIST($A10,100,15,FALSE),NA()) -> #N/A | G10: =IF(AND($A10>=110,$A10<=120),_xlfn.NORM.DIST($A10,100,15,FALSE),NA()) -> #N/A | H10: =IF(AND($A10>=120,$A10<=130),_xlfn.NORM.DIST($A10,100,15,FALSE),NA()) -> #N/A | I10: =IF(AND($A10>=130,$A10<=140),_xlfn.NORM.DIST($A10,100,15,FALSE),NA()) -> #N/A | J10: =IF($A10>=140,_xlfn.NORM.DIST($A10,100,15,FALSE),NA()) -> #N/A | K10: =_xlfn.NORM.DIST($A10,100,15,FALSE)+0.0002 -> 0.00021102795 | L10: =IF(AND(ABS((ChartCalculations!A10-Calculations!$F$3)/Calculations!$F$4)<5,OR(A10<=Calculations!$F$7,A10>=Calculations!$F$8)),0.0015+0.2*_xlfn.NORM.DIST(100,100,15,FALSE)*_xlfn.NORM.DIST(A10,Calculations!$F$3,Calculations!$F$4,FALSE)/_xlfn.NORM.DIST(Calculations!$F$3,Calculations!$F$3,Calculations!$F$4,FALSE),NA()) -> #N/A | M10: =IF(AND(A10>=Calculations!$F$7,A10<=Calculations!$F$8),0.0015+0.2*_xlfn.NORM.DIST(100,100,15,FALSE)*_xlfn.NORM.DIST(A10,Calculations!$F$3,Calculations!$F$4,FALSE)/_xlfn.NORM.DIST(Calculations!$F$3,Calculations!$F$3,Calculations!$F$4,FALSE),NA()) -> #N/A
A11: 40.9 | B11: =IF($A11<=60,_xlfn.NORM.DIST($A11,100,15,FALSE),NA()) -> 1.1321707e-05 | C11: =IF(AND($A11>=60,$A11<=70),_xlfn.NORM.DIST($A11,100,15,FALSE),NA()) -> #N/A | D11: =IF(AND($A11>=70,$A11<=80),_xlfn.NORM.DIST($A11,100,15,FALSE),NA()) -> #N/A | E11: =IF(AND($A11>=80,$A11<=90),_xlfn.NORM.DIST($A11,100,15,FALSE),NA()) -> #N/A | F11: =IF(AND($A11>=90,$A11<=110),_xlfn.NORM.DIST($A11,100,15,FALSE),NA()) -> #N/A | G11: =IF(AND($A11>=110,$A11<=120),_xlfn.NORM.DIST($A11,100,15,FALSE),NA()) -> #N/A | H11: =IF(AND($A11>=120,$A11<=130),_xlfn.NORM.DIST($A11,100,15,FALSE),NA()) -> #N/A | I11: =IF(AND($A11>=130,$A11<=140),_xlfn.NORM.DIST($A11,100,15,FALSE),NA()) -> #N/A | J11: =IF($A11>=140,_xlfn.NORM.DIST($A11,100,15,FALSE),NA()) -> #N/A | K11: =_xlfn.NORM.DIST($A11,100,15,FALSE)+0.0002 -> 0.00021132171 | L11: =IF(AND(ABS((ChartCalculations!A11-Calculations!$F$3)/Calculations!$F$4)<5,OR(A11<=Calculations!$F$7,A11>=Calculations!$F$8)),0.0015+0.2*_xlfn.NORM.DIST(100,100,15,FALSE)*_xlfn.NORM.DIST(A11,Calculations!$F$3,Calculations!$F$4,FALSE)/_xlfn.NORM.DIST(Calculations!$F$3,Calculations!$F$3,Calculations!$F$4,FALSE),NA()) -> #N/A | M11: =IF(AND(A11>=Calculations!$F$7,A11<=Calculations!$F$8),0.0015+0.2*_xlfn.NORM.DIST(100,100,15,FALSE)*_xlfn.NORM.DIST(A11,Calculations!$F$3,Calculations!$F$4,FALSE)/_xlfn.NORM.DIST(Calculations!$F$3,Calculations!$F$3,Calculations!$F$4,FALSE),NA()) -> #N/A
A12: 41 | B12: =IF($A12<=60,_xlfn.NORM.DIST($A12,100,15,FALSE),NA()) -> 1.1622772e-05 | C12: =IF(AND($A12>=60,$A12<=70),_xlfn.NORM.DIST($A12,100,15,FALSE),NA()) -> #N/A | D12: =IF(AND($A12>=70,$A12<=80),_xlfn.NORM.DIST($A12,100,15,FALSE),NA()) -> #N/A | E12: =IF(AND($A12>=80,$A12<=90),_xlfn.NORM.DIST($A12,100,15,FALSE),NA()) -> #N/A | F12: =IF(AND($A12>=90,$A12<=110),_xlfn.NORM.DIST($A12,100,15,FALSE),NA()) -> #N/A | G12: =IF(AND($A12>=110,$A12<=120),_xlfn.NORM.DIST($A12,100,15,FALSE),NA()) -> #N/A | H12: =IF(AND($A12>=120,$A12<=130),_xlfn.NORM.DIST($A12,100,15,FALSE),NA()) -> #N/A | I12: =IF(AND($A12>=130,$A12<=140),_xlfn.NORM.DIST($A12,100,15,FALSE),NA()) -> #N/A | J12: =IF($A12>=140,_xlfn.NORM.DIST($A12,100,15,FALSE),NA()) -> #N/A | K12: =_xlfn.NORM.DIST($A12,100,15,FALSE)+0.0002 -> 0.00021162277 | L12: =IF(AND(ABS((ChartCalculations!A12-Calculations!$F$3)/Calculations!$F$4)<5,OR(A12<=Calculations!$F$7,A12>=Calculations!$F$8)),0.0015+0.2*_xlfn.NORM.DIST(100,100,15,FALSE)*_xlfn.NORM.DIST(A12,Calculations!$F$3,Calculations!$F$4,FALSE)/_xlfn.NORM.DIST(Calculations!$F$3,Calculations!$F$3,Calculations!$F$4,FALSE),NA()) -> #N/A | M12: =IF(AND(A12>=Calculations!$F$7,A12<=Calculations!$F$8),0.0015+0.2*_xlfn.NORM.DIST(100,100,15,FALSE)*_xlfn.NORM.DIST(A12,Calculations!$F$3,Calculations!$F$4,FALSE)/_xlfn.NORM.DIST(Calculations!$F$3,Calculations!$F$3,Calculations!$F$4,FALSE),NA()) -> #N/A
A13: 41.1 | B13: =IF($A13<=60,_xlfn.NORM.DIST($A13,100,15,FALSE),NA()) -> 1.1931313e-05 | C13: =IF(AND($A13>=60,$A13<=70),_xlfn.NORM.DIST($A13,100,15,FALSE),NA()) -> #N/A | D13: =IF(AND($A13>=70,$A13<=80),_xlfn.NORM.DIST($A13,100,15,FALSE),NA()) -> #N/A | E13: =IF(AND($A13>=80,$A13<=90),_xlfn.NORM.DIST($A13,100,15,FALSE),NA()) -> #N/A | F13: =IF(AND($A13>=90,$A13<=110),_xlfn.NORM.DIST($A13,100,15,FALSE),NA()) -> #N/A | G13: =IF(AND($A13>=110,$A13<=120),_xlfn.NORM.DIST($A13,100,15,FALSE),NA()) -> #N/A | H13: =IF(AND($A13>=120,$A13<=130),_xlfn.NORM.DIST($A13,100,15,FALSE),NA()) -> #N/A | I13: =IF(AND($A13>=130,$A13<=140),_xlfn.NORM.DIST($A13,100,15,FALSE),NA()) -> #N/A | J13: =IF($A13>=140,_xlfn.NORM.DIST($A13,100,15,FALSE),NA()) -> #N/A | K13: =_xlfn.NORM.DIST($A13,100,15,FALSE)+0.0002 -> 0.00021193131 | L13: =IF(AND(ABS((ChartCalculations!A13-Calculations!$F$3)/Calculations!$F$4)<5,OR(A13<=Calculations!$F$7,A13>=Calculations!$F$8)),0.0015+0.2*_xlfn.NORM.DIST(100,100,15,FALSE)*_xlfn.NORM.DIST(A13,Calculations!$F$3,Calculations!$F$4,FALSE)/_xlfn.NORM.DIST(Calculations!$F$3,Calculations!$F$3,Calculations!$F$4,FALSE),NA()) -> #N/A | M13: =IF(AND(A13>=Calculations!$F$7,A13<=Calculations!$F$8),0.0015+0.2*_xlfn.NORM.DIST(100,100,15,FALSE)*_xlfn.NORM.DIST(A13,Calculations!$F$3,Calculations!$F$4,FALSE)/_xlfn.NORM.DIST(Calculations!$F$3,Calculations!$F$3,Calculations!$F$4,FALSE),NA()) -> #N/A
A14: 41.2 | B14: =IF($A14<=60,_xlfn.NORM.DIST($A14,100,15,FALSE),NA()) -> 1.22475e-05 | C14: =IF(AND($A14>=60,$A14<=70),_xlfn.NORM.DIST($A14,100,15,FALSE),NA()) -> #N/A | D14: =IF(AND($A14>=70,$A14<=80),_xlfn.NORM.DIST($A14,100,15,FALSE),NA()) -> #N/A | E14: =IF(AND($A14>=80,$A14<=90),_xlfn.NORM.DIST($A14,100,15,FALSE),NA()) -> #N/A | F14: =IF(AND($A14>=90,$A14<=110),_xlfn.NORM.DIST($A14,100,15,FALSE),NA()) -> #N/A | G14: =IF(AND($A14>=110,$A14<=120),_xlfn.NORM.DIST($A14,100,15,FALSE),NA()) -> #N/A | H14: =IF(AND($A14>=120,$A14<=130),_xlfn.NORM.DIST($A14,100,15,FALSE),NA()) -> #N/A | I14: =IF(AND($A14>=130,$A14<=140),_xlfn.NORM.DIST($A14,100,15,FALSE),NA()) -> #N/A | J14: =IF($A14>=140,_xlfn.NORM.DIST($A14,100,15,FALSE),NA()) -> #N/A | K14: =_xlfn.NORM.DIST($A14,100,15,FALSE)+0.0002 -> 0.0002122475 | L14: =IF(AND(ABS((ChartCalculations!A14-Calculations!$F$3)/Calculations!$F$4)<5,OR(A14<=Calculations!$F$7,A14>=Calculations!$F$8)),0.2*_xlfn.NORM.DIST(100,100,15,FALSE)*_xlfn.NORM.DIST(A14,Calculations!$F$3,Calculations!$F$4,FALSE)/_xlfn.NORM.DIST(Calculations!$F$3,Calculations!$F$3,Calculations!$F$4,FALSE),NA()) -> #N/A | M14: =IF(AND(A14>=Calculations!$F$7,A14<=Calculations!$F$8),0.2*_xlfn.NORM.DIST(100,100,15,FALSE)*_xlfn.NORM.DIST(A14,Calculations!$F$3,Calculations!$F$4,FALSE)/_xlfn.NORM.DIST(Calculations!$F$3,Calculations!$F$3,Calculations!$F$4,FALSE),NA()) -> #N/A
